Filename,Label,Contrast0,Contrast45,Contrast90,Contrast135,Dissimilarity0,Dissimilarity45,Dissimilarity90,Dissimilarity135,Homogeneity0,Homogeneity45,Homogeneity90,Homogeneity135,Entropy0,Entropy45,Entropy90,Entropy135,ASM0,ASM45,ASM90,ASM135,Energy0,Energy45,Energy90,Energy135,Correlation0,Correlation45,Correlation90,Correlation135
musa-acuminata-freshripe-43de8667-2653-11ec-a9f3-d8c4975e38aa_jpg.rf.e56f620664ffe3e56f85df2c683ada8d.jpg,ripe,12.153523284313724,25.43015763168012,15.64731924019608,26.48516724336794,0.9682598039215685,1.438708189158016,1.0754442401960784,1.443137254901961,0.7987371129136933,0.7472364156911185,0.79878083209192,0.7594559932090116,4.856004020048684,5.075957032149294,4.85951776004397,5.037498328232995,0.025308926474905985,0.021745324048760704,0.025899144062304764,0.0223005710547255,0.15908779486467836,0.14746295822599215,0.1609321101033127,0.1493337572510834,0.9888957410075114,0.976834086540094,0.9856969121444166,0.9758730174145731
musa-acuminata-freshripe-442acb3c-2653-11ec-a09b-d8c4975e38aa_jpg.rf.5733c2a384dbf5f83900cefeb9411c37.jpg,ripe,7.794515931372549,23.58680507497117,17.000444240196078,23.030557477893122,0.8242647058823529,1.3719031141868512,1.2034466911764705,1.452887351018839,0.817456845580918,0.7590122947045799,0.781100736302868,0.7499641951276154,4.959556960641562,5.220947350238474,5.110819093933555,5.2485638553163545,0.02391648060447754,0.02058991985603975,0.023178541512729477,0.020621345618555897,0.15464954123591038,0.14349188080180617,0.15224500488597148,0.14360134267671698,0.9943213726353798,0.9828665827912719,0.987636751771925,0.9832706337598869
musa-acuminata-freshripe-44b04409-2653-11ec-b743-d8c4975e38aa_jpg.rf.983163401e4b60b00f0e468e2babf24f.jpg,ripe,12.8812193627451,16.36764321414841,5.120205269607843,17.339930795847756,0.9201593137254904,1.008166089965398,0.5928155637254902,1.1806997308727412,0.8153945635840415,0.7860469605098961,0.8470556358008733,0.7760148689412726,4.669576861210353,4.80013949574662,4.5211887315377846,4.84149242353466,0.027061182921870507,0.023755402389374684,0.028386352609460604,0.023710833366222237,0.16450283560434606,0.15412787674322476,0.16848249941599455,0.15398322430129277,0.9845463848818943,0.9804341580437553,0.9938560331399936,0.9792718254847484
musa-acuminata-freshripe-45145e8c-2653-11ec-8c3a-d8c4975e38aa_jpg.rf.a98646f8a74eb707296eefb595a4d6ee.jpg,ripe,11.031050857843136,15.608919646289891,3.289491421568628,11.52239907727797,0.9469822303921569,1.2435524798154556,0.5316482843137256,0.9003921568627452,0.8012826405922937,0.7673936450676279,0.851610166973505,0.7916325143605589,4.810744235039787,4.9582536186187935,4.573776511651793,4.856305116493972,0.028029676273849002,0.025316936481266407,0.030135281455374745,0.025639058942964154,0.16742065665218556,0.15911296767160873,0.17359516541475095,0.1601220126745981,0.9902048588347115,0.9861503530101807,0.9970713980412371,0.9897762841175204
musa-acuminata-freshripe-457d3d65-2653-11ec-abaf-d8c4975e38aa_jpg.rf.b00f0bfde4ddce909ecbd5c6cc087167.jpg,ripe,11.668458946078431,13.550711264898117,3.1694087009803913,14.34108419838524,0.99296875,1.1926336024605921,0.5479013480392155,1.0075048058439062,0.7943487140910238,0.7629773104438986,0.8450965801522938,0.7853141299035319,4.689862656609793,4.819417218904779,4.449334650101444,4.743812593054759,0.03397570864139544,0.030085214851709507,0.03600266729029999,0.03113093030051879,0.18432500818227415,0.1734509004061654,0.1897436884070192,0.17643959391394776,0.9901114875478662,0.9884495815143843,0.9972894509360608,0.9877758933628953
musa-acuminata-freshripe-48cdbe24-2653-11ec-bb61-d8c4975e38aa_jpg.rf.b5598b616713733c17e42ed595dc9c99.jpg,ripe,6.953860294117646,21.825497885428682,15.645189950980393,20.834694348327567,0.7508884803921568,1.3351941560938103,1.0648590686274508,1.2781545559400234,0.8241716080294921,0.7604577476030097,0.8015594839271457,0.7660712670253702,4.891385622622774,5.178653353984478,5.008535094503783,5.155434109570546,0.026043784945618872,0.022275299610462422,0.02473694739365569,0.02215579794303229,0.16138086920579797,0.1492491192954331,0.15727983784851665,0.14884823795743196,0.9950876810790323,0.9846192565012035,0.9889403178510757,0.9853174803681297
musa-acuminata-freshripe-48cdbe25-2653-11ec-9d1c-d8c4975e38aa_jpg.rf.f441234dc09b07eea97927525ab54621.jpg,ripe,6.972794117647059,21.76650519031142,15.595955882352941,20.828296808919642,0.7488664215686274,1.3301191849288734,1.062530637254902,1.2753248750480584,0.8243297628583446,0.7609152317592471,0.8017155748320063,0.7660931431628965,4.891112270572043,5.179656154493041,5.009163257392068,5.153778633755837,0.025959563352474114,0.022201996836457624,0.02465644939089683,0.022030486426050006,0.16111971745405376,0.14900334505123575,0.15702372238262863,0.14842670388461102,0.9950748733209891,0.9846625529396709,0.9889763519258009,0.985323637956177
musa-acuminata-freshripe-4a4d77e5-2653-11ec-9a63-d8c4975e38aa_jpg.rf.72b0ab1eb34c6f0697f92283fdf52145.jpg,ripe,7.98236825980392,31.708589004229147,26.319454656862746,32.623683198769704,0.8333180147058823,1.6968396770472898,1.5909926470588234,1.823836985774702,0.7953874406300597,0.7267510712615715,0.7422543946650456,0.7077607771493083,5.032418502844647,5.3438385052989545,5.280891578578376,5.436358864604561,0.025795494939033364,0.02313394833353806,0.025291392771109672,0.021789016468246842,0.1606097597876087,0.15209848235119922,0.1590326783120679,0.14761103098429618,0.9956186969663116,0.9826446362383613,0.985668323698374,0.9821437581981355
musa-acuminata-freshripe-4b180f20-2653-11ec-a773-d8c4975e38aa_jpg.rf.299d4c88ec2f2a945194751c4f47cf76.jpg,ripe,15.794868259803922,40.52701268742791,26.200765931372548,37.360815071126495,1.0202359068627451,1.8124259900038449,1.4518688725490194,1.858162245290273,0.8089907622346146,0.7345660279938776,0.7727665786421324,0.7363047991677562,5.004606671510079,5.31242889685034,5.149099413783919,5.305045434473528,0.025627262477735422,0.021714131952620477,0.024577955152840853,0.022053816878463774,0.1600851725730257,0.14735715779228534,0.15677357925633023,0.14850527559135324,0.993282550533577,0.9828094668272066,0.9888510672605892,0.9841524877296957
musa-acuminata-freshripe-4b370b1d-2653-11ec-af18-d8c4975e38aa_jpg.rf.e183a5c9de9d671430a75aeac90555cb.jpg,ripe,9.265655637254902,33.48953479430989,25.84909620098039,32.721307189542486,0.9934129901960786,1.950249903883122,1.691344975490196,2.0214840445982314,0.7819546016277229,0.6914303714426389,0.7234910980931194,0.6933405883933196,5.353070733743883,5.723065070430708,5.591211713698292,5.715784215016105,0.01890271343391065,0.01546816208417163,0.017236501421666245,0.015769870666074815,0.13748713915821598,0.12437106610531097,0.1312878570990716,0.12557814565470704,0.9969326311716687,0.9889234596499611,0.9914750862502432,0.9891768236355286
musa-acuminata-freshripe-50d6a152-2653-11ec-a8e5-d8c4975e38aa_jpg.rf.a5689bfaa558797d93a522f2a74fe77d.jpg,ripe,10.245373774509805,22.188235294117653,13.92795649509804,22.778715878508276,0.8370098039215685,1.2300499807766245,0.9942861519607843,1.3023913879277205,0.8220648292265553,0.7720057821064166,0.8060702973909362,0.7662977156969182,4.74387722717249,4.9582888671598075,4.795811888287061,4.979020017737045,0.027814024705604515,0.024037283504215183,0.027960314429846693,0.024229061279923546,0.16677537199959866,0.15503961914367304,0.1672133799366746,0.15565687032676567,0.9901970509075281,0.9788439091283914,0.9866734781135328,0.9782808963094041
musa-acuminata-freshripe-77bc0083-1d0a-11ec-9a56-d8c4975e38aa_jpg.rf.dc4975de7b3b6a9dcd0ae0bd0a1a65bc.jpg,ripe,6.012714460784315,20.52093810073049,17.236626838235296,23.60684352172242,0.7506740196078432,1.2977777777777777,1.2599417892156866,1.541330257593234,0.8192562515414537,0.7536242229893017,0.7675092176054633,0.7340585061275686,5.095250655549398,5.378568011688137,5.321943107708569,5.469874241940618,0.01662743157398147,0.013587164786382546,0.015046469201861968,0.013380567406644683,0.12894739847698158,0.11656399438241015,0.12266405016084365,0.11567440255581475,0.9959872323119197,0.9863481378980276,0.9885206221807701,0.9842952112748301
musa-acuminata-freshripe-7815e46c-1d0a-11ec-8f21-d8c4975e38aa_jpg.rf.f7aef3c03300a1373a4b997984966ed2.jpg,ripe,10.199417892156866,22.888073817762404,14.192233455882356,22.22798923490965,0.8144607843137256,1.273125720876586,0.9731158088235297,1.2017993079584777,0.8255207627722441,0.7687851470556564,0.8092445140958608,0.7744331594879168,4.703011878815321,4.941158617629364,4.760034293939798,4.921722907996832,0.028032991907221694,0.024241260296626814,0.027980681657332827,0.024151667452304817,0.16743055846296903,0.1556960509988189,0.16727427075713955,0.15540806752644734,0.9896126703225951,0.9767739087155737,0.985546934320724,0.9774437437150248
musa-acuminata-freshripe-781d375c-1d0a-11ec-9c74-d8c4975e38aa_jpg.rf.a5aea82138bf327b322cb8b58f4f2e3e.jpg,ripe,10.248805147058821,23.829081122645132,15.489659926470587,24.459638600538252,0.8892156862745098,1.3463744713571701,1.1190104166666668,1.4360015378700495,0.8165839354204052,0.764887875355396,0.7931493750347507,0.7571372603778391,4.893120034489536,5.12278285019811,4.9787726466629705,5.1514549087105355,0.025784430821003342,0.022306578267223688,0.0256614073181739,0.022474259197915913,0.16057531199098865,0.1493538692743636,0.16019178292963063,0.1499141727720095,0.9918889843573551,0.981200452980193,0.9877420106281867,0.98070298222256
musa-acuminata-freshripe-78846c45-1d0a-11ec-9d4e-d8c4975e38aa_jpg.rf.babf85a1b9091b4ece08db1f42d0a186.jpg,ripe,9.369132965686275,16.34725105728566,4.028354779411765,9.27440215301807,0.9865962009803921,1.4417224144559784,0.6724417892156862,0.9153094963475586,0.7739030566784366,0.7244938365580965,0.8153892443822588,0.7726388675244062,5.21891390801135,5.436664998925345,5.02999880295376,5.240789660730021,0.021189361537066572,0.018566028474246366,0.022110987233913942,0.019260514151759868,0.14556566056960885,0.13625721439339045,0.14869763694798227,0.1387822544555314,0.9938845077812352,0.9893581005964596,0.9973711195854347,0.993962458364583
musa-acuminata-freshripe-78c4e960-1d0a-11ec-8450-d8c4975e38aa_jpg.rf.8680441df7cc0123d28388e9d5e80a01.jpg,ripe,11.64436274509804,15.74088427527874,5.037178308823529,15.669973087274126,0.9813419117647058,1.2706958861976165,0.6789675245098039,1.0565167243367937,0.7992859249137901,0.760942454052421,0.8282864374633324,0.7818276488478931,4.8147948257375734,4.978888386463314,4.6797411721267155,4.912187227350015,0.030175370007741915,0.026344414837046227,0.03032937090564627,0.02678077520534866,0.173710592675697,0.16230962644601898,0.17415329714262165,0.16364832784159042,0.9906016218670913,0.9873087384807541,0.9959258412253478,0.9873659214405591
musa-acuminata-freshripe-79a9a790-1d0a-11ec-9e66-d8c4975e38aa_jpg.rf.95e136ac2bf87a05ab41f3f91225b15e.jpg,ripe,1.7963541666666667,22.86940407535564,23.46602328431372,26.294978854286818,0.4329044117647059,1.2328950403690886,1.1948529411764706,1.3461437908496734,0.8544639977517219,0.7679851108433701,0.7917703975967038,0.7575784937867921,4.902459088301533,5.29767934922203,5.211138044207239,5.333938777987108,0.021896195695841145,0.01779814967803617,0.019172473688943256,0.017642280251540198,0.14797363175863848,0.13340970608631206,0.13846470196025865,0.13282424572170623,0.998903918536161,0.9860694552932132,0.9857396221938837,0.9839828406431413
musa-acuminata-freshripe-7a2e1c34-1d0a-11ec-9936-d8c4975e38aa_jpg.rf.2e55060ac4d6c10675c628b01704cee3.jpg,ripe,59.44045649509803,130.23896962706652,70.6756587009804,127.17828527489428,1.2733302696078432,2.396755094194541,1.665762867647059,2.3987081891580164,0.8112660469464937,0.7452853377101133,0.7850898471395399,0.7424127137198608,5.025898226593449,5.330144702393122,5.165492630433391,5.3424486061537655,0.024545944078937492,0.02059303320034394,0.02302300886941021,0.020767637561692552,0.15667145266109422,0.14350272889511176,0.15173334791472246,0.14410981077529925,0.9681917307413733,0.9273365604832449,0.961871985903186,0.929044389580844
musa-acuminata-freshripe-7a4c284f-1d0a-11ec-944b-d8c4975e38aa_jpg.rf.67d13f3ce54ba383b31d93012003cf36.jpg,ripe,3.9925857843137242,19.729488658208385,17.424004289215688,20.935086505190313,0.6581495098039214,1.342591311034218,1.2396905637254902,1.4134563629373322,0.814978395660083,0.7427574530934202,0.773417920567301,0.7357361560048089,5.088150773352535,5.420204808704927,5.308174528211067,5.4498991487254305,0.021573237705487365,0.01777505904111349,0.019730192226247115,0.017888358143387028,0.14687830917289102,0.13332313768102477,0.14046420265052273,0.1337473668652472,0.9976298065358841,0.9883089377771683,0.9897026088421842,0.9875945563114104
musa-acuminata-freshripe-7b17957f-1d0a-11ec-8682-d8c4975e38aa_jpg.rf.98c5d463bd223d0eedecc7bb3a11fc59.jpg,ripe,14.429901960784314,23.707866205305656,10.5507506127451,23.037462514417534,1.1618566176470588,1.4839830834294503,0.9902113970588238,1.4916570549788544,0.7717224267555486,0.7425704490914209,0.7907845060340966,0.7294770309633017,5.134299093561285,5.258061570379326,5.0348071613288425,5.302068917071767,0.02146860124880605,0.019602106131066912,0.023213726719816304,0.019032595661237564,0.1465216750136513,0.14000752169461078,0.15236051561942254,0.13795867374412368,0.9889601397307755,0.981755722814957,0.991855326808013,0.9822716387786733
musa-acuminata-freshripe-7b5893b3-1d0a-11ec-bad2-d8c4975e38aa_jpg.rf.21acef64ea3c05b690a9a5b091ef82b6.jpg,ripe,14.203722426470588,29.708712033833145,19.0015931372549,30.84507497116494,1.2003216911764705,1.7079738562091504,1.397702205882353,1.8145482506728183,0.7476662815750712,0.7071812536510177,0.7350786241041001,0.6878948020304614,5.418732188996087,5.581271556676527,5.466322790427622,5.691360031693968,0.01989793002353362,0.018475054444058645,0.020762537127960105,0.01711321818819574,0.14106002276879734,0.1359229724662415,0.14409211334406927,0.1308174995487826,0.9931492738417752,0.9855634614454017,0.9907571728675223,0.9850112464138591
musa-acuminata-freshripe-7ce0998f-1d0a-11ec-bed4-d8c4975e38aa_jpg.rf.1c4708afc7e8822a37476af89ecb474a.jpg,ripe,11.767861519607845,29.42056132256825,18.047763480392153,25.255717031910812,1.0461090686274512,1.6721261053440988,1.2555759803921565,1.5510495963091122,0.7796546373076964,0.7221468689966035,0.7717126774578139,0.7271798981479498,5.257681940933955,5.5216726826444775,5.298833935560828,5.483299344665024,0.017458717847777902,0.014821049071564913,0.017677984358667635,0.01493846417866964,0.132131441556421,0.12174173101925614,0.13295858136527944,0.12222301002131161,0.9908755805700736,0.9772525899201134,0.9860049659770104,0.9804727811578489
musa-acuminata-freshripe-7d573cfe-1d0a-11ec-85d6-d8c4975e38aa_jpg.rf.b67b89029ceede146a8dc347fd0f69c5.jpg,ripe,8.986626838235294,21.903221837754714,17.952236519607844,28.038323721645526,0.9808363970588234,1.4811380238369858,1.3620710784313725,1.7535101883890811,0.7687986096796201,0.7133648877365711,0.7453769328177057,0.6998944476293828,5.4048024425737005,5.64667623761318,5.533827697213877,5.72728065367483,0.014282869649180902,0.012181237719322752,0.014069421072273883,0.011959526287541197,0.11951096037259888,0.11036864463842415,0.11861459046961248,0.10935961909014313,0.9933104303551017,0.9837309812296805,0.9867314491378237,0.9791740494350942
musa-acuminata-freshripe-7d91609e-1d0a-11ec-96bb-d8c4975e38aa_jpg.rf.bf416467dbb02fc6df0aba9c29832d16.jpg,ripe,9.68391544117647,20.88687427912342,15.570588235294117,26.452502883506348,0.9428308823529411,1.3223683198769707,1.103737745098039,1.5621376393694733,0.7925788982179682,0.7545751592691031,0.7847543628586411,0.7290957219755793,4.882148715164925,5.07183903134223,4.923118093332304,5.146820754722513,0.029741463314703176,0.0259084670507203,0.029139904944725285,0.025281293017014574,0.17245713471672658,0.1609610730913543,0.17070414448608237,0.1590009214344828,0.9900905123368209,0.9786782322789704,0.9840598949363559,0.9729967016947174
musa-acuminata-freshripe-7dabffc7-1d0a-11ec-826c-d8c4975e38aa_jpg.rf.e48820357475e0c86991be6437ba5c32.jpg,ripe,13.171675857843137,39.05411764705883,24.788449754901965,33.87541714725106,1.0518841911764705,1.832310649750096,1.2722732843137257,1.5981391772395233,0.7857327414550012,0.719789477409314,0.7794449729330103,0.7448262410063667,4.931509212445772,5.207308570120241,4.966331622698419,5.137692028285208,0.029266141182365254,0.02494109925189215,0.028873479095893113,0.025401371636999404,0.171073496434618,0.15792751265024138,0.16992197943730855,0.15937807765498807,0.9867093202031899,0.9603911645736798,0.9748431038563647,0.9656487814383533
musa-acuminata-freshripe-7e812a0f-1d0a-11ec-a1bc-d8c4975e38aa_jpg.rf.708f225e5fa824bf6d1e83db07b388f5.jpg,ripe,2.302328431372549,10.076831987697043,7.917585784313726,9.009873125720878,0.539001225490196,1.082260668973472,0.9470894607843137,1.044967320261438,0.8252189629550913,0.7500793006690074,0.7793777653681965,0.7495539484792798,4.899663490385544,5.224026976764879,5.106473741410269,5.222857629058765,0.020658717993267312,0.01755270230699724,0.019812555661434306,0.017573050320308294,0.14373140920921673,0.13248661180284307,0.1407570803243457,0.13256338227545453,0.9969919699797255,0.9868747406930664,0.9896921266391436,0.9882644771155166
musa-acuminata-freshripe-7f28d0e2-1d0a-11ec-96f9-d8c4975e38aa_jpg.rf.d3abc4c2370624ac75c46456ca27ba72.jpg,ripe,8.525275735294118,18.670818915801622,13.724754901960786,23.236416762783552,0.8918198529411765,1.2603460207612462,1.1053002450980391,1.5124644367550946,0.8005471057882075,0.7529369402117093,0.7828481684585485,0.7361314342333912,5.1565826278142115,5.356489681187546,5.2215753084955,5.439646563955874,0.017338488680360316,0.014823369889527309,0.01742470688106738,0.014911120955607976,0.13167569510110935,0.12175126237344444,0.13200267755264428,0.12211110086969151,0.994206471872437,0.9873304454320951,0.990668194463382,0.9842323558345919
musa-acuminata-ripe-6abd4e84-2653-11ec-9d0f-d8c4975e38aa_jpg.rf.b48decc46ef21ae88f289524b80de25e.jpg,ripe,18.412331495098037,40.74217608612073,26.353599877450982,42.75575547866206,1.3518535539215684,2.0712648981161093,1.637331495098039,2.1847750865051907,0.7431734635352509,0.6958933813325299,0.742742559354483,0.6832780106112544,5.529034208395723,5.763138799455978,5.566132760453784,5.800570246086742,0.017572382157328308,0.01508016959141347,0.01747372637158034,0.014635817974957431,0.13256086208730053,0.12280134197724986,0.1321882232711384,0.12097858477828806,0.9917668641838835,0.9818318856591133,0.9882144490390704,0.9809339588338359
musa-acuminata-ripe-6ae370d7-2653-11ec-af28-d8c4975e38aa_jpg.rf.27d7f66a606f104211c8ec556d6a9adb.jpg,ripe,18.49921875,38.31604767397156,25.334083946078437,41.85205690119186,1.2832261029411764,2.0278508266051523,1.6176930147058828,2.002737408688966,0.7562159560877975,0.69333947082311,0.7424441658361063,0.7027937121863298,5.542892372590526,5.816564362993848,5.610794682456231,5.7748633900153425,0.014187678036805254,0.011918700419987521,0.014225138510616417,0.012451567721343388,0.11911203984822548,0.10917280073345889,0.11926918508406276,0.11158659292828771,0.9916699179292989,0.9827884558017984,0.9885883525003324,0.9812000858343001
musa-acuminata-ripe-6b000aca-2653-11ec-8d0e-d8c4975e38aa_jpg.rf.b8ef34535afb4583dabaaa416c9ba56b.jpg,ripe,20.12109375,39.452687427912345,21.50582107843137,37.180038446751254,1.2832261029411767,1.9307804690503654,1.3970588235294117,1.848181468665898,0.7562691260621084,0.7095662807851499,0.753510626963045,0.7027496557336138,5.349029054119251,5.585298772762724,5.386792366904823,5.592104490486232,0.02205907402933217,0.018969004586855586,0.02156741977150465,0.01860603106988248,0.1485229747525014,0.13772800944926047,0.14685850255094068,0.13640392615274122,0.9920499922981612,0.9844514062916073,0.9914999618700735,0.9853470548033445
musa-acuminata-ripe-6b74d45b-2653-11ec-bebb-d8c4975e38aa_jpg.rf.f3bc6e7f90f3aa84a14900b36aead3d9.jpg,ripe,5.870343137254902,29.358231449442528,25.391973039215692,30.078031526336027,0.9017463235294119,1.891103421760861,1.6396446078431377,1.8242214532871972,0.7555819199613824,0.6640786486981901,0.7100401518157551,0.6759241352838777,5.444830949707123,5.863589325355936,5.705349614681596,5.819889282513339,0.016267853780509604,0.012732872001881392,0.014570311913349137,0.012968827385912112,0.12754549690408362,0.11284002836707102,0.12070754704387433,0.11388075950709194,0.9968418496231635,0.9842300971550617,0.9863751281786431,0.9838434733262093
musa-acuminata-ripe-6b87e5a5-2653-11ec-b674-d8c4975e38aa_jpg.rf.12a0ae3e363dca3cf9dd6d6a940671f9.jpg,ripe,13.15450367647059,33.1838062283737,24.283946078431377,37.096624375240296,0.9772058823529415,1.730211457131872,1.4631127450980395,1.7930334486735873,0.8054178938431626,0.7407571124025749,0.7823031389867527,0.7438684359657133,5.089733920473121,5.380206220306894,5.211499150019225,5.3692309526428845,0.020750877911290135,0.017673130835284854,0.02015417337325939,0.01769204622301688,0.14405165015122226,0.13294032809980896,0.1419653949850434,0.13301145147323548,0.9933693476347364,0.9833208295545812,0.9877514291694969,0.981354126061303
musa-acuminata-ripe-6bc11957-2653-11ec-bfdd-d8c4975e38aa_jpg.rf.e954f7e4cd245c2948d6460a5cde9353.jpg,ripe,7.605116421568628,29.516662821991545,23.568045343137257,30.362291426374476,0.8700367647058824,1.6786312956555172,1.4966299019607843,1.8055517108804309,0.7875057608581917,0.7164310903774394,0.7493626250869788,0.7049405622718182,5.433128198711746,5.755989042481582,5.626943342323669,5.796712251980389,0.014736069998618321,0.011738052542710853,0.01325667155792694,0.011811198514279177,0.12139221556021754,0.10834229341633328,0.11513762008104449,0.10867933802834455,0.9972265990970507,0.9892648113239443,0.9914013321008337,0.9889572487674344
musa-acuminata-ripe-6bc11958-2653-11ec-b4ba-d8c4975e38aa_jpg.rf.a8796287e8c7b302c9359a18d6dd0f16.jpg,ripe,7.49704350490196,29.451011149557864,23.588909313725495,30.347020376778165,0.8689491421568627,1.6762783544790465,1.4960784313725495,1.8024605920799694,0.7881216737121258,0.7177990959944993,0.7503603688004902,0.7065413433451657,5.431311856775559,5.75417679833337,5.623984598523436,5.790888269687239,0.014774824389582733,0.011750453297692117,0.013291197956089608,0.011887145171296463,0.12155173544455354,0.1083995078295659,0.11528745793055552,0.10902818521509226,0.9972678741904356,0.9892959786542181,0.9913995776925587,0.9889703145024052
musa-acuminata-ripe-6be01573-2653-11ec-97b1-d8c4975e38aa_jpg.rf.347ff3dac1cd28d99d5b29229fd59f43.jpg,ripe,7.670052083333333,32.45161091887736,24.81086090686275,30.2482583621684,0.8977481617647058,1.8235447904652058,1.5884344362745102,1.8590234525182623,0.7800678633900537,0.7029311206045141,0.7396240681465645,0.69772611826691,5.51274720913583,5.862985359463509,5.7203908679367,5.878956529773754,0.01441505006807027,0.01154296193121239,0.013096479850748514,0.011787424616060926,0.12006269224063848,0.10743817725190795,0.11443985254599254,0.10856990658585336,0.9974355242993759,0.9891773180967297,0.9917003605792477,0.9899121339848669
musa-acuminata-ripe-6be4d9d0-2653-11ec-9627-d8c4975e38aa_jpg.rf.0d8517b4a5df9dfa3fd4af1f2ac95439.jpg,ripe,5.096737132352941,26.57750096116878,23.11922487745098,28.215224913494808,0.9348805147058823,2.0578239138792775,1.848943014705882,2.0040138408304493,0.7394518255063776,0.6415998465406301,0.6752256685593937,0.6452366301008321,5.927276070309771,6.380557562036369,6.256115064890146,6.358667012714116,0.010577942504648151,0.00838458505519644,0.009263409149275518,0.008257895781662654,0.10284912495810623,0.0915673798642095,0.09624660591041909,0.09087296507577297,0.9987171485883809,0.9933224132809314,0.9941908648329845,0.9929109147862261
musa-acuminata-ripe-6c2c5a4e-2653-11ec-b142-d8c4975e38aa_jpg.rf.8649024e98575c4f386d21b1e2a73d66.jpg,ripe,11.597365196078428,30.834755863129566,24.851210171568628,38.237570165321046,0.7775122549019606,1.4925643983083428,1.327925857843137,1.6769550173010386,0.8235239542890775,0.7511725102255717,0.7882506985638128,0.7494030912583752,5.106452868840974,5.413446869766464,5.267955824912335,5.425404367248348,0.019232653742888843,0.016303730931276093,0.018496434594153992,0.016476624656089303,0.13868184359493077,0.12768606396657425,0.1360015977632395,0.12836130513550142,0.9953120984822033,0.987571006620489,0.9899488933725361,0.984587040150704
musa-acuminata-ripe-6c5c057a-2653-11ec-a1b9-d8c4975e38aa_jpg.rf.3ccab1954c38f585ad2713ab0239ab3a.jpg,ripe,11.315808823529412,37.77750096116878,26.252879901960785,32.7926643598616,0.9438419117647059,1.7275201845444061,1.4231004901960784,1.7383621683967705,0.7854171813182711,0.715360794278131,0.7576013339826876,0.702938990382768,5.377015131785443,5.707558935216869,5.548101044026662,5.746056945797649,0.01433178201724547,0.01131097260820484,0.01296751721186713,0.011152725839187926,0.1197154209667471,0.10635305641214474,0.11387500696758324,0.10560646684359783,0.9919798620506881,0.9732761176348111,0.98137257205326,0.9768023834582076
musa-acuminata-ripe-6c5c057b-2653-11ec-a4a9-d8c4975e38aa_jpg.rf.6357effff7c79d49859efec65dc4df4d.jpg,ripe,11.233716299019608,37.70029988465975,26.183838848039223,32.785436370626684,0.9462469362745101,1.730565167243368,1.4241574754901962,1.7399000384467513,0.7846679053427719,0.714731910963215,0.7575676148307289,0.7029272566824313,5.382307616294216,5.711478003982871,5.5507288794810234,5.749457514193831,0.01422163620493771,0.011243619930878622,0.012900399424763016,0.011056892470748467,0.11925450182252119,0.10603593697835947,0.11357992527186754,0.10515175923753471,0.992044446834824,0.9733522652531866,0.9814364158178357,0.976826224496353
musa-acuminata-ripe-6c7b017d-2653-11ec-a138-d8c4975e38aa_jpg.rf.cc6b8496fc84cf2257aea98b3940bfc4.jpg,ripe,4.159283088235294,29.065790080738182,24.960125612745095,26.82251441753172,0.743780637254902,1.798031526336025,1.6357383578431373,1.7823913879277202,0.7985086577885743,0.7169258044354487,0.7507333244767455,0.7155586101578826,5.089222670621632,5.464616310894899,5.340335752171983,5.468085773043894,0.024401358692795437,0.020365340453299168,0.02279375861672794,0.020698706572058977,0.1562093425272491,0.14270718430863658,0.15097602000558877,0.14387045065634213,0.9979942325888219,0.986014938056284,0.9880413897963124,0.9870943079207267
musa-acuminata-ripe-6c8e12b1-2653-11ec-9802-d8c4975e38aa_jpg.rf.83ff847a2a1f16cda50a01c07b9cff37.jpg,ripe,19.15121017156863,38.51936947327951,22.68973651960784,37.36435217224145,1.2941329656862743,1.8536255286428296,1.428952205882353,1.9711034217608614,0.7458280723961838,0.7026590028589983,0.7452090828189979,0.6892298023754656,5.549377696414588,5.751544681910805,5.567863889119457,5.805946785483096,0.016654249379745772,0.014712198972358693,0.016772945276456168,0.014250991566991137,0.12905134396722018,0.12129385381114202,0.12951040605471117,0.11937751700798244,0.9918275022943857,0.983602317314871,0.9903142209133438,0.9840940062042519
musa-acuminata-ripe-6cdcb9f2-2653-11ec-bfd3-d8c4975e38aa_jpg.rf.5869d985c984c24ebe2588eb34b12c40.jpg,ripe,3.8049632352941174,26.413625528642832,26.318627450980394,31.58605151864668,0.6896139705882353,1.6077816224529031,1.6014093137254903,1.8491810841983853,0.7978997058910383,0.7102292561958776,0.7372732315291844,0.6980468022129613,4.911082257974703,5.312444099835098,5.215667888012181,5.348827785574811,0.028409897724695727,0.02350723107857402,0.026487801862377154,0.023659065739510175,0.1685523590006848,0.15332068053127737,0.16275073536662485,0.15381503742973304,0.9978139826696591,0.9848460232928349,0.9849287598529176,0.9818784013559259
musa-acuminata-ripe-6cdf1c33-2653-11ec-b5b5-d8c4975e38aa_jpg.rf.8e1edce4382aee1a0b96dc6a657f44dd.jpg,ripe,17.95511642156863,38.91906189926952,23.547947303921568,38.85883890811226,1.0892769607843138,1.736070742022299,1.408639705882353,1.8299115724721262,0.7875571238549999,0.7299201589311894,0.7708976142124226,0.7276256544945269,5.147598313718062,5.413829740797237,5.238268071602637,5.418525811683213,0.0215212665397999,0.01847916891161105,0.021100542713064083,0.018445851704923476,0.14670128336112095,0.1359381069149157,0.14526025854673427,0.13581550612843687,0.9914106156991745,0.981424862212944,0.9887269716088699,0.9814535999640298
musa-acuminata-ripe-6cf6f1a1-2653-11ec-b872-d8c4975e38aa_jpg.rf.3ce0af61ffc17dd8bb5345048dbd593c.jpg,ripe,13.49641544117647,33.93051903114187,27.873943014705883,44.22379084967319,0.927236519607843,1.6619146482122262,1.546001838235294,2.018792772010765,0.8036315249866285,0.7367778744763249,0.772448436566189,0.7274994518657372,5.220661864963204,5.512059094778025,5.375109672351396,5.558143576400761,0.018317285146863583,0.015501022837311118,0.017672359315490133,0.015308029901846223,0.1353413652467847,0.12450310372561448,0.1329374263158804,0.12372562346517484,0.9951767599211392,0.9879061124905486,0.990032819669233,0.9842372527146565
musa-acuminata-ripe-6cfe1804-2653-11ec-9d86-d8c4975e38aa_jpg.rf.9e7ea20a71b1851cd1e762eace00c661.jpg,ripe,13.075229779411764,42.7283198769704,26.833409926470587,32.59128027681661,0.9131280637254902,1.9842983467896964,1.5152420343137254,1.6277739331026528,0.8062995984921032,0.7304869533685225,0.7755370783831065,0.740294664839558,5.167118273922403,5.507036121228319,5.32340232083271,5.45658352977591,0.01925016820453672,0.016062514151464233,0.018545958839073312,0.01628044612421715,0.13874497542086603,0.1267379743859915,0.13618354834220361,0.12759485148005445,0.9950386204906665,0.9838300669831217,0.9898125661219711,0.987666299743078
musa-acuminata-ripe-6d1f763d-2653-11ec-8425-d8c4975e38aa_jpg.rf.6c5b274c4838f5b5307264b12305e1d2.jpg,ripe,10.74296875,27.970119184928876,22.442830882352936,34.029004229142636,0.9701133578431373,1.6921337946943484,1.467861519607843,1.8390157631680124,0.787655521650266,0.7215307276503944,0.7618524792302914,0.7186583431210285,5.149614882239019,5.4422047076999265,5.298502942271986,5.47419694300493,0.0221344418875853,0.018697873426081504,0.021272881965094557,0.018731830850258556,0.14877648297894833,0.13674016756637936,0.14585226074728685,0.13686427894179898,0.9936547821443921,0.9835223854546192,0.9867367050137681,0.9799530303033553
musa-acuminata-ripe-6d3c0ff8-2653-11ec-a501-d8c4975e38aa_jpg.rf.58cc589a57d2aa2cc15d024c2827e32c.jpg,ripe,15.906311274509804,39.04247597078047,27.473100490196078,41.443844675124964,1.1270220588235293,1.8881199538638986,1.521262254901961,1.9374086889657827,0.7730987362118629,0.711652391382065,0.7640892509608855,0.715635319838758,5.263913243458271,5.547885715431918,5.333984259044812,5.531051832603906,0.02011836408697977,0.017177271983493177,0.02034408915459949,0.01770686239773216,0.14183921914259034,0.13106209209185232,0.14263270716984758,0.1330671349271944,0.991672914783238,0.9796108815138913,0.9856096397014951,0.9783567743091329
musa-acuminata-ripe-6d6bbb1b-2653-11ec-a0a8-d8c4975e38aa_jpg.rf.5c8e793cfb54194d1b6d6db9c1d786e6.jpg,ripe,20.611979166666664,44.863667820069224,27.105667892156866,42.244844290657454,1.4340686274509804,2.141084198385237,1.6934129901960788,2.2774163783160324,0.7350204312528705,0.6888833042452774,0.7368516498470108,0.6750615703378493,5.569760863565202,5.7977007923282065,5.602915870697014,5.835110840835284,0.018224290072665857,0.015593131970506128,0.018127341792932714,0.015638750127305902,0.134997370613897,0.12487246281909446,0.13463781709806763,0.12505498841432078,0.9915623304886738,0.9816756226469174,0.9888990321323581,0.9827452818782906
musa-acuminata-ripe-920662f1-1d0a-11ec-893b-d8c4975e38aa_jpg.rf.7f5d913588c77ce1082601998c86f039.jpg,ripe,17.61439950980392,33.125013456362936,23.250965073529414,42.806443675509435,1.0458333333333334,1.6745251826220686,1.4392310049019612,1.8796001537870057,0.7956949898804414,0.7347902627486932,0.7714453546175045,0.7359273197984281,5.230332446983568,5.503521471426012,5.3497357282030285,5.50396269958716,0.01878207196826341,0.01637104505838038,0.018161813749894878,0.015858133882496624,0.13704769960952795,0.12794938475186343,0.1347657736589483,0.12592908275095402,0.9934894929693981,0.987791199193609,0.9914014162695078,0.9842229434135198
musa-acuminata-ripe-920662f2-1d0a-11ec-9bb1-d8c4975e38aa_jpg.rf.9fb2edea458f7266445edc0341fbd250.jpg,ripe,17.649065563725493,33.35940023068051,23.231541053921568,42.58562091503269,1.0447763480392156,1.6789388696655134,1.4376991421568628,1.8769396386005388,0.7955739367634741,0.7333670276665739,0.7716343201389261,0.7353600476031895,5.232846058431611,5.508129759310074,5.35366187771191,5.505986786008507,0.01880478486057796,0.016346503230280963,0.018145584053646732,0.015876698297655905,0.13713053948912315,0.12785344434265727,0.13470554574198768,0.12600277099197424,0.9934792202790382,0.9877095682725329,0.99141191509476,0.9843104033603078
musa-acuminata-ripe-924de3ab-1d0a-11ec-b392-d8c4975e38aa_jpg.rf.fa51a07d000e059166beec7e0777d095.jpg,ripe,9.953201593137255,31.760261437908504,20.69148284313726,25.547635524798153,0.6723498774509804,1.4067666282199158,1.0990502450980395,1.2436293733179544,0.8380604842224423,0.7605729071137861,0.8058330126368752,0.7756879562056644,4.9755862298535,5.31886451416326,5.128952515590601,5.247633939640755,0.01811988557773753,0.015173826646096698,0.017524231614080225,0.01571478819328501,0.13461012435079886,0.12318208735890417,0.1323791207633599,0.12535863828745514,0.9938841763522209,0.9805373265785124,0.9872844178457625,0.9843444118779262
musa-acuminata-ripe-926f41c4-1d0a-11ec-b20e-d8c4975e38aa_jpg.rf.43144e588cd7f10837585b46dba52775.jpg,ripe,10.18639705882353,32.417054978854296,23.740502450980394,31.034955786236072,0.8223958333333333,1.647843137254902,1.354810049019608,1.5648442906574398,0.8145953145727354,0.7451515436364817,0.780813971004984,0.7470377212743305,5.034577009694978,5.36728181497693,5.206437651136849,5.33876357722419,0.021185094707977394,0.017823596372081182,0.020026853356806883,0.017775483684815872,0.14555100380271307,0.13350504249683298,0.1415162653436236,0.1333247302071745,0.9941670904853619,0.9814861723601261,0.986399037869578,0.9822754887359727
musa-acuminata-ripe-9271a3f8-1d0a-11ec-990f-d8c4975e38aa_jpg.rf.f0951a4ada46066d9ac41c98478a421c.jpg,ripe,10.030836397058826,32.301560938100735,23.642110906862747,30.92524413687044,0.8224724264705884,1.648489042675894,1.3535386029411764,1.5665359477124183,0.8133880056327418,0.744355721860925,0.7806443898779392,0.745285581411762,5.037322315367755,5.366821822286409,5.204892353399715,5.342043103723052,0.021140140473315562,0.017842818624309906,0.02002803041310734,0.017664573868536943,0.14539649402002636,0.13357701383213322,0.14152042401401763,0.13290814071582277,0.9942432770736428,0.9815107644345954,0.9864250530034621,0.9822985410132637
musa-acuminata-ripe-929a28a6-1d0a-11ec-8b22-d8c4975e38aa_jpg.rf.b553cff5697538da1dba1437b5f41aed.jpg,ripe,17.58720894607843,37.17167243367936,22.611504289215688,37.20576701268743,1.2113511029411765,1.847689350249904,1.35234375,1.8137485582468282,0.7581151641556738,0.701258554109464,0.7549850142905868,0.7025013241878951,5.385278197145684,5.637260870591118,5.422371572449348,5.637631774622465,0.018267582208090043,0.01509417573845921,0.01732714918841311,0.014830235021841925,0.13515761986691702,0.12285835640467933,0.13163262964938865,0.12177945237946311,0.9900581947976549,0.979033136069315,0.9872092175527347,0.9790139257985532
musa-acuminata-ripe-92bb86e0-1d0a-11ec-89b6-d8c4975e38aa_jpg.rf.d53df668ac471f95f3e358cb3face832.jpg,ripe,12.660692401960784,36.07853902345252,23.814215686274515,32.22649750096117,0.9646446078431372,1.7646905036524414,1.4405024509803925,1.706697424067667,0.8096051779730215,0.7504419534164429,0.7875690802030837,0.7470270178667844,4.970185242358429,5.24351899635822,5.0869339379566245,5.250929205469655,0.026519022834892228,0.023057271587348254,0.02613099599425402,0.02313174281148484,0.16284662365211083,0.15184621031605713,0.161650845943515,0.15209123186918055,0.9931951579738142,0.9806636263044396,0.9871923150998326,0.9827281441988123
musa-acuminata-ripe-9351af31-1d0a-11ec-a9af-d8c4975e38aa_jpg.rf.d3ec4853e837c9d57976117a78d070b5.jpg,ripe,3.4208946078431373,28.159953863898508,25.107689950980394,26.72389081122646,0.6034620098039216,1.60961168781238,1.4369791666666667,1.5574471357170325,0.8202735666687397,0.7288938184410451,0.7628947574707785,0.7277249312839578,5.1802153435957825,5.57311186073839,5.4490844055614875,5.586413547420421,0.0183765267940816,0.015504054114578412,0.017168600338323903,0.015071965725778146,0.1355600486650901,0.12451527663133714,0.13102900571371173,0.1227679344363916,0.9984620473351413,0.9873645742486918,0.988764388969369,0.9880089299203512
musa-acuminata-ripe-935b374e-1d0a-11ec-a08a-d8c4975e38aa_jpg.rf.19e782879f754a77302f4366e612e3f4.jpg,ripe,8.932460171568628,34.720799692426,23.847686887254902,27.49028835063438,0.8590839460784316,1.8223760092272205,1.459359681372549,1.598585159554018,0.7997166922334895,0.7224579755898346,0.7636775721242143,0.728466728409588,5.3155169694537285,5.650001499635552,5.477325044779523,5.618754476492144,0.018170619614075723,0.01552542867536382,0.01766189440265613,0.015558631768664377,0.13479844069601,0.12460107814687568,0.13289806019147207,0.12473424457086504,0.9969499296503556,0.9881718875311369,0.9918677523585445,0.99063505675358
musa-acuminata-ripe-9369844b-1d0a-11ec-8701-d8c4975e38aa_jpg.rf.d50cff7045ac6b434247e7ef45cc7e64.jpg,ripe,58.85724571078433,130.602183775471,78.00902267156863,138.64539792387544,1.4199295343137257,2.7172472126105345,1.9799785539215686,2.7605536332179934,0.7718410197988544,0.6876733687384173,0.7432518907631888,0.6957783468628921,5.49114143131127,5.871885331263168,5.671186054137174,5.852587460108961,0.013456275526352552,0.010470495348179603,0.01215368896390511,0.01056061252282083,0.11600118760750923,0.10232543842163395,0.11024377063537472,0.10276484088841295,0.96551343140233,0.9202246891013982,0.9537839058598055,0.915312200142226
musa-acuminata-ripe-938159d3-1d0a-11ec-9d7d-d8c4975e38aa_jpg.rf.166ceca51b588627a93012c22327dfd7.jpg,ripe,13.67810968137255,29.75040369088812,22.256801470588243,37.910603613994624,1.2777726715686275,1.9613379469434835,1.493290441176471,1.9865436370626683,0.7236486045764355,0.6629875250290939,0.7151327802001277,0.6656858934467523,5.7197339553320585,5.998742863457808,5.800105835013141,6.00683027171352,0.013066012607267943,0.010881511310602596,0.01239216054691255,0.010479445030531982,0.11430666038017183,0.10431448274617766,0.11132008150784184,0.10236916054423804,0.9938784409361382,0.9867037651108818,0.9900339546452278,0.9830567602851612
musa-acuminata-ripe-93fae9ae-1d0a-11ec-b489-d8c4975e38aa_jpg.rf.158dead918a088ef46e96899b40bd2f2.jpg,ripe,12.432582720588236,40.16613610149943,27.747518382352936,36.13001153402537,1.13046875,2.203444828911957,1.7221200980392157,1.959677047289504,0.7541559335926991,0.6782746074431356,0.7356211044728562,0.7002574826367897,5.47348203689532,5.83075556963524,5.610731850196433,5.7490170507454685,0.01866676914284019,0.015961947146877084,0.018403878100144776,0.01641133252360129,0.1366263852366745,0.1263405997566779,0.1356608937761534,0.1281067231787672,0.9945855453734315,0.9825512727754854,0.9879300539438677,0.9843046005060241
musa-acuminata-ripe-94047073-1d0a-11ec-b233-d8c4975e38aa_jpg.rf.ee5f00f0fe7eec4fb972686251fdd652.jpg,ripe,16.60945159313726,40.23767781622454,28.549402573529413,44.77178008458286,1.1636795343137254,1.9463129565551716,1.6489736519607843,2.170257593233372,0.7658477986920832,0.7141425654180839,0.7519507954887936,0.6932826335500808,5.338319399227723,5.599058113917954,5.4445940299822375,5.673726778540895,0.020796686896265862,0.018201242150824498,0.020458241675001803,0.017703276044569848,0.1442105644405633,0.13491197927102136,0.143032309898854,0.13305365851629128,0.992377476464344,0.9815816175839651,0.9868934332997754,0.9795061912117426
musa-acuminata-ripe-942a92ef-1d0a-11ec-a820-d8c4975e38aa_jpg.rf.059984dfa79331f6d330aa4a7bcd20ff.jpg,ripe,18.539797794117646,39.58099192618224,23.924540441176475,39.93608612072281,1.0909926470588234,1.7459438677431758,1.4237132352941182,1.8465820838139182,0.7896239556713709,0.7316141353418985,0.7724745583502842,0.7306140567691715,5.0934498746488055,5.360813949533087,5.184507039974089,5.359922018308618,0.023399032833300294,0.020165049345910045,0.023128720305141064,0.02040902081105942,0.1529674240918644,0.1420036948318953,0.15208129505347154,0.14286014423575044,0.9912656663263718,0.9813977171311493,0.988721868879721,0.9812308369972295
musa-acuminata-ripe-942f5747-1d0a-11ec-89b7-d8c4975e38aa_jpg.rf.39671b4b4e1fb8c29ff81418b330bf6d.jpg,ripe,17.91550245098039,38.654840445982316,23.175091911764703,38.19055747789312,1.0684742647058822,1.8099961553248751,1.3935049019607844,1.7068050749711652,0.7923054911417573,0.7322874976764646,0.7739317261144295,0.7339541348703877,5.014436467392244,5.2848615529497085,5.10997470760147,5.284038813654302,0.02588604485241554,0.022377515760433432,0.02535188586195814,0.022231710661664007,0.1608914070185712,0.1495911620398526,0.15922275547784664,0.1491030202969209,0.990967103773533,0.9805579749129525,0.9883083527636881,0.980791485087149
musa-acuminata-ripe-94341b87-1d0a-11ec-8ea1-d8c4975e38aa_jpg.rf.fd983b0315cdaea5247f2d8939d5e7c2.jpg,ripe,5.759911151960784,28.800753556324498,23.937178308823526,27.641722414455984,0.7833180147058824,1.6820761245674745,1.512576593137255,1.651164936562861,0.7973544069586018,0.7247958056892982,0.7581386473183536,0.7233847673840439,4.959825069328764,5.301511895238361,5.173002003279094,5.30080423712328,0.02535302502061257,0.021588328742930186,0.02429576224063461,0.021724558959889003,0.1592263326859366,0.14692967277895294,0.15587097946902947,0.14739253359613913,0.9968359568824717,0.9842112104635191,0.9869269216262851,0.9848465650099819
musa-acuminata-ripe-94688b2d-1d0a-11ec-bd61-d8c4975e38aa_jpg.rf.a2af46d9665b9ab87eb8c9b1eab5a098.jpg,ripe,12.54682904411765,32.92747404844291,27.71703431372549,43.05826989619377,0.9132199754901964,1.6425221068819686,1.5348958333333333,1.9916955017301041,0.8031746030045859,0.7377993301164255,0.774128250972633,0.7301731737413081,5.270966129530648,5.558470175172488,5.417281772345028,5.602748256373497,0.01624476273304589,0.013745079384928844,0.01578151387556018,0.013746960068148751,0.12745494393332057,0.11723941054495644,0.12562449552360472,0.11724743096609304,0.995553538241867,0.9883618568851801,0.9901724208177382,0.9847811316610963
musa-acuminata-ripe-946d4f4d-1d0a-11ec-b95a-d8c4975e38aa_jpg.rf.5a4d86b7a70b11ab081b9e1119abf317.jpg,ripe,4.865625,36.76287581699347,27.220680147058825,25.16570549788543,0.8034620098039216,2.1604613610149945,1.760968137254902,1.701130334486736,0.7859369691101111,0.6906905757940691,0.7335032367168762,0.707016440288577,5.482509283326746,5.919627332701535,5.750057440489473,5.837636885024713,0.013785715422140821,0.011350525372416874,0.013043290797860197,0.011467407280286276,0.11741258630206909,0.10653884442970495,0.11420722743268132,0.10708598078313648,0.9984482346733677,0.9882999085243726,0.9913627106851036,0.9919908095259011
musa-acuminata-ripe-947dfe72-1d0a-11ec-b341-d8c4975e38aa_jpg.rf.890d863ae0fb818bf035ce2e8d3eb7e0.jpg,ripe,15.644990808823529,38.668742791234145,27.089093137254906,40.72676662821992,1.1205422794117648,1.8761553248750482,1.5209865196078434,1.935932333717801,0.7756783715280227,0.7136821622290368,0.7618063491638969,0.7159788755489751,5.233198165815979,5.518852171057933,5.3194652982029496,5.504557571802414,0.02130955268950794,0.01809780315470302,0.02115781931453649,0.018717495016038695,0.14597791849970987,0.13452807571173767,0.14545727659535115,0.13681189647117203,0.9918518759232926,0.9799068019739873,0.9858818201600578,0.9788373504970008
musa-acuminata-ripe-94d3cc13-1d0a-11ec-8268-d8c4975e38aa_jpg.rf.40e0de119dd1a9a64a381602c58220f5.jpg,ripe,18.970634191176472,41.44678200692043,26.745159313725487,44.065667051134184,1.4406096813725493,2.3342252979623224,1.7325367647058822,2.210965013456363,0.7258714083380452,0.664127494447093,0.7304581441592812,0.6811618954721606,5.611842929811057,5.892066952299469,5.637607785795499,5.835664845782302,0.017695998881514925,0.0152344363456459,0.01769103499386504,0.015348998854579488,0.13302630898252768,0.12342785887167411,0.13300765013285906,0.12389107657365597,0.9927797868492839,0.9842627816075737,0.9898172978911008,0.983268405983763
musa-acuminata-ripe-9505d963-1d0a-11ec-993c-d8c4975e38aa_jpg.rf.c0dbd6289a585fd57ce6f75ea6afc54c.jpg,ripe,20.154672181372547,42.37707035755479,26.915747549019613,43.86708189158017,1.4340533088235294,2.285936178392926,1.688327205882353,2.1295347943098815,0.7348601606101489,0.6760555669230565,0.73872886330351,0.6904838881837204,5.57569658536976,5.834791913725514,5.596008904303211,5.794045667935835,0.01805061442995933,0.015869059204597174,0.01845981842827128,0.015883091958391184,0.1343525750775151,0.12597245415009256,0.1358669143988752,0.12602813954982905,0.991457012217572,0.9820812613263268,0.9885880265542363,0.9814511968210533
musa-acuminata-ripe-951db00f-1d0a-11ec-a310-d8c4975e38aa_jpg.rf.f17d9a89f5c43e04f3e163f2270b7690.jpg,ripe,19.499096200980393,57.103960015378696,31.76954656862745,38.38911188004614,1.21640625,2.3758400615148014,1.8358762254901961,1.9660130718954245,0.773596921604686,0.7041357783838373,0.7480126756216373,0.7120932619294732,5.318961918590679,5.6416753232743595,5.461259569452392,5.592870747222605,0.02005855104181685,0.016933732493683476,0.019461104273108598,0.017195372140458198,0.14162821414469948,0.13012967568423228,0.13950306187718103,0.1311311257499843,0.9933523897611853,0.9805835094215009,0.9891651404721703,0.9869469489854231
musa-acuminata-ripe-70d67260-2653-11ec-a83f-d8c4975e38aa_jpg.rf.2519277f38d36ee796bf1d9d02aff274.jpg,rotten,18.241115196078432,47.23512495194157,38.93910845588235,57.40467512495194,1.4235294117647062,2.2957324106113033,1.9690410539215686,2.617685505574779,0.6966867150614604,0.6265565658737712,0.6872585218374846,0.5985711444767354,6.154502194616151,6.432581550708166,6.225613341324996,6.532205275098374,0.0058389753893859945,0.004602730709701012,0.005779611249466851,0.004308607297846731,0.07641318858277014,0.0678434279035266,0.07602375450783032,0.06563998246379055,0.9927980496401453,0.9814081436063553,0.9846243139292602,0.977405786536706
musa-acuminata-ripe-7122b75f-2653-11ec-8737-d8c4975e38aa_jpg.rf.fcf0125fa6cf9f6f16592e79013f9e39.jpg,rotten,31.692631740196077,81.93986928104576,43.93141850490196,56.437339484813535,1.6924172794117647,2.7476509034986547,2.10718443627451,2.69920799692426,0.6601076465878283,0.5812836458688502,0.644206559276673,0.557659180725483,6.4549851547671615,6.785740388524376,6.566616876210347,6.8531280825403105,0.004779443795843246,0.003631714238793496,0.004699069107096729,0.003484560591769557,0.06913352150616404,0.060263705816963296,0.06854975643353323,0.05903016679435657,0.9909957764190287,0.9767892183995048,0.9875119058621322,0.9840132605066677
musa-acuminata-ripe-72110efa-2653-11ec-b45f-d8c4975e38aa_jpg.rf.8a0fbf49d0ed3de64ada7e0df9c18217.jpg,rotten,21.023085171568628,48.64552095347943,36.17279411764706,55.81073433294887,1.4789368872549018,2.4949942329873127,1.922487745098039,2.3847289504036913,0.6802997031284836,0.587607022357115,0.679195614572419,0.6196031247665214,6.605104092662148,6.955257436541688,6.654425567138913,6.872504226519948,0.0036975460206486086,0.00288167319788429,0.0038337627148362407,0.003036169834421771,0.06080745037122185,0.053681218297317826,0.06191738620804532,0.05510145038401231,0.9954815761663398,0.9895617976412441,0.9922133459008121,0.988024227459514
musa-acuminata-ripe-72b0bf57-2653-11ec-92d6-d8c4975e38aa_jpg.rf.232ccec5cd592190d1f63604096f4efc.jpg,rotten,30.290594362745107,66.97219530949636,38.95229779411765,58.599907727797,1.776776960784314,2.7728565936178398,2.0944546568627453,2.7730103806228374,0.6695984328890425,0.5745709913229949,0.6451191908382696,0.5713135507220057,6.596159546386336,6.967785650151174,6.740069973860337,7.006114548138493,0.004028731085437393,0.00296674786159347,0.00369977740588806,0.002835791575150539,0.06347228596353997,0.05446786081345099,0.060825795563133084,0.05325215089694067,0.9940695399695366,0.986921489658104,0.9923674370124721,0.9885564235693824
musa-acuminata-ripe-73068cd6-2653-11ec-afad-d8c4975e38aa_jpg.rf.5380df8ab7a2f8ff352c73d0d23162a9.jpg,rotten,27.854626225490193,67.00667435601693,43.62038909313726,63.77268742791235,1.7319240196078431,2.7462821991541713,2.142784926470589,2.8256670511341797,0.6676782999765156,0.5823088334339639,0.639936320682948,0.5577117109925218,6.478424990652356,6.8287223442987255,6.6240488932655595,6.901390426319708,0.004619855869737601,0.0034624752169226014,0.004236007391237747,0.0032084795115474023,0.0679695216235748,0.05884280089290959,0.06508461716287303,0.05664344191119924,0.9938806375192519,0.9853204130555545,0.9904131263798828,0.9860291293009487
musa-acuminata-ripe-730db352-2653-11ec-9be8-d8c4975e38aa_jpg.rf.78267e479e86cd5c323f6ff63337fd91.jpg,rotten,27.76971507352941,62.37496347558633,42.424080882352946,65.93790080738178,1.7142616421568628,2.780991926182238,2.105637254901961,2.7098500576701268,0.6762163071585617,0.5683995019303081,0.6495136856440583,0.59259675106638,6.398657377229358,6.813831315632394,6.539361577291043,6.742766236678942,0.0052726364869055764,0.0037300210888043094,0.004871304639253834,0.0040121772582958,0.07261292231349442,0.061073898588548524,0.0697947321740963,0.06334174972556253,0.9936712448584757,0.9858247127192846,0.9903276417169276,0.9850147686062851
musa-acuminata-ripe-986bcf61-1d0a-11ec-9ba7-d8c4975e38aa_jpg.rf.49c62acc1a4a5f680b85cc8864a36d3f.jpg,rotten,29.75566789215687,76.1124183006536,42.93632046568628,57.68301422529797,2.105422794117647,3.5656439830834294,2.5383425245098046,3.0569473279507884,0.6377612098506935,0.5508601152106712,0.6407281931753246,0.5697949161077599,6.661351404836437,7.0105042015643955,6.6693147178283265,6.929782153890836,0.004610943117768708,0.0035411123483249053,0.004854321448631536,0.0037685212900547965,0.06790392564328449,0.059507246183342286,0.06967296067077626,0.061388283002986786,0.9926603435582536,0.9812713142679386,0.9894025359618716,0.9858061764967423
musa-acuminata-ripe-997de482-1d0a-11ec-aa5d-d8c4975e38aa_jpg.rf.b4f6f095f8df093ecd0a2d87395f3a0a.jpg,rotten,24.531924019607843,63.60542868127645,38.008363970588235,49.692610534409845,1.5143995098039216,2.4371088043060363,1.9261642156862744,2.5099884659746254,0.6768029920528359,0.6141737031615987,0.675887518543947,0.5796974570939893,6.612064250017706,6.878784080782108,6.6587790709806605,6.979452466907247,0.003408414788632978,0.0027819609203037724,0.0035742240298578067,0.0026037085963890798,0.05838163057531862,0.05274429751455386,0.05978481437503847,0.0510265479568144,0.9941394285342137,0.9848352986346648,0.9909088345461811,0.9881524610520682
musa-acuminata-ripe-99f2ae3b-1d0a-11ec-ae0c-d8c4975e38aa_jpg.rf.b2b87d4bcf8c3695d05ebd22f7ccc3ba.jpg,rotten,29.808272058823533,68.44258362168398,42.443275122549025,63.28204536716648,1.7659926470588239,2.789096501345637,2.1515165441176474,2.831880046136102,0.6702267474890448,0.5784532879431776,0.6410058676357696,0.5635353456775408,6.491259546862098,6.855200626135752,6.648303274718831,6.9155124449194325,0.004777417151756538,0.0035117319943635088,0.004327906836275413,0.003297497177097916,0.0691188624888788,0.05925986832894171,0.06578682874463104,0.057423838056141076,0.9938271094592499,0.9858687448364221,0.991207181471587,0.9869343696643841
musa-acuminata-ripe-99f2ae3c-1d0a-11ec-b746-d8c4975e38aa_jpg.rf.1789155905debed854b01298a312f34f.jpg,rotten,29.71856617647059,68.45184159938486,42.47706801470588,63.216116878123806,1.7627144607843137,2.788327566320646,2.149923406862745,2.827466359092657,0.6701760512012648,0.5775548860396911,0.640365649786141,0.5636589503470119,6.492253033959404,6.857330221249626,6.646472168850353,6.916504361857109,0.004767808397198493,0.0035051432174742483,0.00433385172150585,0.003296216269110112,0.0690493185860548,0.059204249995032016,0.06583199618351133,0.057412683869595506,0.9938447267114863,0.9858646421925513,0.9911987856463291,0.9869459531897384
musa-acuminata-rotten-81360f06-2653-11ec-989b-d8c4975e38aa_jpg.rf.4579601dbfe83834ba9e075515b6443c.jpg,rotten,18.840517769607843,33.35423298731257,21.540104166666666,40.63538638985006,1.02890625,1.687366397539408,1.363143382352941,1.7301345636293735,0.7915598561591869,0.7284733171122184,0.7656667201694582,0.7313402767168108,5.582546522901635,5.837473832429378,5.671269550396445,5.824437849093388,0.01696715100092963,0.016045887771848906,0.017495159191702112,0.016204069265643398,0.13025801703131223,0.12667236388355949,0.132269267752196,0.12729520519502452,0.9960119919819419,0.9929582191046425,0.9954409232648376,0.9914209783324358
musa-acuminata-rotten-81cdfa2e-2653-11ec-a0ff-d8c4975e38aa_jpg.rf.4c56964213edfcb5d894c5ffa9611487.jpg,rotten,9.505560661764708,45.800722798923495,35.60900735294118,37.443998462129954,1.383869485294118,2.926166858900423,2.499632352941177,2.7268281430219146,0.6487631268166747,0.5053365604249901,0.5703869620052564,0.5295949006257722,6.76513606976035,7.294887924614525,7.0746803509204845,7.20667031439521,0.0038352721675182035,0.002909785888105911,0.0038168155445772066,0.003074472317969562,0.06192957425590946,0.05394243124022045,0.0617803815509196,0.055447924379272866,0.9988672438466619,0.9945420899422132,0.9957582845318957,0.9955379139609891
musa-acuminata-rotten-81d19d2b-2653-11ec-8ae0-d8c4975e38aa_jpg.rf.e298941cc041d924ead18f889658d7bb.jpg,rotten,14.34309129901961,39.31535563244906,31.975888480392165,45.41371780084583,1.3514552696078435,2.4206843521722416,2.083394607843138,2.5390695886197623,0.6731621114001989,0.5765224770279879,0.6314509852536098,0.5637506671636476,6.458108876886817,6.80934058843105,6.623278106003978,6.871277697018915,0.006458684502542593,0.005425174625262427,0.006948057744467274,0.005356312694922145,0.08036594118494844,0.07365578473726574,0.08335501031412133,0.07318683416381765,0.9982011953901082,0.9950765322916791,0.995989167544325,0.9943128365830521
musa-acuminata-rotten-83836be7-2653-11ec-a20a-d8c4975e38aa_jpg.rf.6f0cccbc15e953a6442057b7632c12ed.jpg,rotten,32.020726102941175,61.4890119184929,30.928998161764703,52.70389850057671,1.9853707107843137,2.937070357554787,2.051363357843137,2.659730872741253,0.630674956604156,0.5619852986221953,0.6450567202152626,0.5620328843579669,6.830514510225972,7.114739200463809,6.799548689380426,7.058792779015802,0.003971705101215578,0.003249623122801525,0.004360200206576196,0.003332019728608211,0.06302146540041399,0.05700546572743288,0.06603181208005877,0.05772364964733442,0.9958626936277358,0.992072312705331,0.9960047409209482,0.9932049714710619
musa-acuminata-rotten-841870da-2653-11ec-9832-d8c4975e38aa_jpg.rf.97982be26af4b2c5b8caae72075988be.jpg,rotten,10.967018995098039,29.74263744713572,21.744209558823535,29.773379469434843,0.9402113970588235,1.5802691272587466,1.2960477941176474,1.6905805459438683,0.7418085465173385,0.6671769677345748,0.7344678268718852,0.6503354599502366,5.893007039851839,6.187297067576172,5.955466392922005,6.257758750889428,0.008613581732574309,0.007172780823511378,0.009415880179047724,0.007037575853252553,0.09280938386054671,0.0846922713328163,0.09703545835954877,0.08389026077711616,0.9974334601195306,0.9930579104480989,0.9949107745467148,0.993050728078775
musa-acuminata-rotten-84fdaab9-2653-11ec-81b6-d8c4975e38aa_jpg.rf.b5d3edfa21c6ae05ae2a3763cdb1faf7.jpg,rotten,21.02078737745098,51.44604382929643,40.07113970588236,58.345959246443684,1.395235906862745,2.278985005767013,1.766636029411765,2.2052441368704345,0.679476668337465,0.5871444379382434,0.6837923383662292,0.6095780747288357,6.535540094614634,6.861288856740098,6.550708054853941,6.807650103485093,0.004728031473772107,0.0037045371453117205,0.005033649472445994,0.0038927599046946273,0.06876068261566422,0.0608649089813804,0.07094821683767671,0.06239198590119269,0.9971562746039809,0.9930524352458654,0.994577195614744,0.9921206260891298
musa-acuminata-rotten-8563e8c8-2653-11ec-8587-d8c4975e38aa_jpg.rf.80d4aeafbd35fa7fc09f09f6be003241.jpg,rotten,25.242478553921565,51.57282583621685,34.6383118872549,58.40218377547099,1.5002297794117647,2.2622222222222224,1.7209405637254902,2.418915801614764,0.6625522279235212,0.5841532075097147,0.672034311107637,0.5741365378846401,6.2503382153218,6.531605556491148,6.204776844830397,6.548071068428115,0.005794610152195069,0.0046767608530773885,0.00674705602168487,0.004599262608753238,0.07612233674943951,0.06838684707659352,0.08214046519033642,0.06781786349298566,0.997040663019926,0.9939706334907846,0.995940147674092,0.9931722167853428
musa-acuminata-rotten-856a40f0-2653-11ec-a781-d8c4975e38aa_jpg.rf.bb628a53c06bfc5a8ec23def9681d554.jpg,rotten,23.130514705882355,53.63940023068052,32.080407475490205,47.781976163014235,1.4450061274509807,2.337101114955786,1.673575367647059,2.195171088043061,0.673240984852407,0.5873543892116395,0.6815277447665415,0.5951646427049881,6.147677066270494,6.440434487290784,6.106855419028256,6.428449220223199,0.006713862611623236,0.0054014681308064616,0.007763799530228762,0.005438859599293504,0.08193816334055357,0.07349468096948555,0.08811242551552398,0.07374862438916066,0.9970634198633987,0.99320911738421,0.9959281063681127,0.9939506796032213
musa-acuminata-rotten-85bc599e-2653-11ec-8958-d8c4975e38aa_jpg.rf.62577c2f65f1c90ac05e9bab65574545.jpg,rotten,30.216406250000002,71.17244136870436,37.53209252450981,52.381099577085735,1.7026807598039215,2.9099884659746253,2.0696537990196076,2.5028066128412143,0.6491543454975647,0.543741733435605,0.6396602099430175,0.5845541119692761,6.713671382863023,7.115392872894375,6.774472574077245,6.976226893546716,0.0037029750051062096,0.00276516768681374,0.003955722854303332,0.003167813284483342,0.06085207478062034,0.052584861764710764,0.0628945375553659,0.0562833304316948,0.9960150893501387,0.9906286827564615,0.9950502808052419,0.9931029778651423
musa-acuminata-rotten-86617304-2653-11ec-84a1-d8c4975e38aa_jpg.rf.af89a02b016c1b7ebc6b7aa11f4f9ac8.jpg,rotten,22.597441789215686,59.06797385620916,41.41470588235294,55.73739331026529,1.6009037990196078,2.532487504805844,1.9543198529411765,2.5430834294502116,0.6667603029652007,0.5883929138402499,0.6782778573531407,0.587246961108278,6.323095323038009,6.608714877571017,6.288709770975661,6.616293379252582,0.0070272030476559505,0.005793199995092532,0.008286988736115618,0.005820699665834023,0.08382841432149335,0.07611307374618721,0.09103289919647521,0.07629350998501788,0.995894703909076,0.9892951654478365,0.9924732771370844,0.9898987769332387
musa-acuminata-rotten-881d4a75-2653-11ec-b73a-d8c4975e38aa_jpg.rf.75db6e286c0e134efa9d2668e28170f4.jpg,rotten,18.308210784313726,45.71807766243753,31.37310049019608,44.979407920030766,1.6391850490196078,2.868927335640139,2.19188112745098,2.684413687043445,0.6473826903833863,0.5371971716962394,0.6342247745297072,0.56469911517233,6.6191623021209605,7.040584979267684,6.7086829175378195,6.942244736431905,0.004387472314772262,0.003234775138240534,0.004608693546352365,0.0035658315547461195,0.06623799751481216,0.05687508363282233,0.06788735925304773,0.059714584104271544,0.9961794613503968,0.9904837082631122,0.9934512079260006,0.9906374905632293
musa-acuminata-rotten-88ba0203-2653-11ec-8caa-d8c4975e38aa_jpg.rf.2cc29de023f1f94d70fc85bfab586655.jpg,rotten,20.18388480392157,48.80296808919647,31.08601409313725,44.65836216839678,1.730453431372549,2.770488273740869,2.0784773284313727,2.6963475586312957,0.65697227062239,0.5723761094610298,0.6546797709038171,0.5756983073162639,6.3445850726873525,6.669117437805189,6.359672404310757,6.645004289166683,0.006818832872648139,0.0054693120278318415,0.007297835887188821,0.0054051175123991145,0.08257622462094122,0.07395479719282476,0.08542737200212132,0.07351950429919338,0.9961528703071515,0.9907229195060188,0.9940734297091945,0.9915107680423404
musa-acuminata-rotten-8b136ca1-2653-11ec-97d6-d8c4975e38aa_jpg.rf.7608acae333e6abbe1b1bff5cb03ad3a.jpg,rotten,18.618030024509807,48.26592848904268,38.486243872549025,54.72353710111496,1.5670802696078434,2.713264129181084,2.2792279411764707,2.8633602460592082,0.6774173778195081,0.5833553585938765,0.6337074301916804,0.5679261999278389,6.6306291503327754,7.026456434396886,6.838630293624047,7.074830971985801,0.003965539635258976,0.0030218012443384906,0.003627724829017085,0.0028821556669195786,0.0629725307992221,0.05497091271152855,0.06023059711655767,0.053685711943864345,0.9974948574992121,0.9935205367662857,0.9948217927573105,0.9926536367413528
musa-acuminata-rotten-8b5c8088-2653-11ec-ac51-d8c4975e38aa_jpg.rf.b80f88313536f69ecf801c5114f0978b.jpg,rotten,27.076776960784322,63.7846981930027,40.47086397058823,59.71198769703961,1.5048406862745103,2.2889350249903884,1.8705882352941174,2.492179930795848,0.6821955344507225,0.6227995219814378,0.6620000269777803,0.575259160757472,6.33635179753598,6.593859263074194,6.438904718419362,6.710277885785941,0.0061586022587841825,0.004995973364279938,0.005988764720712887,0.004650090603368621,0.07847676254015695,0.07068219976967283,0.07738710952550745,0.0681915728178242,0.9968078463097301,0.9925000218810728,0.99522833847612,0.992978933847654
musa-acuminata-rotten-8b61a779-2653-11ec-b0e7-d8c4975e38aa_jpg.rf.42acd81bbcc5efcfe5e75cc4cdff62e4.jpg,rotten,25.73941482843137,56.607366397539415,38.339139093137256,60.368027681660905,1.4707567401960784,2.4319261822376013,1.8313572303921566,2.2396462898885043,0.6905500780193545,0.5870181810755645,0.6699002614398489,0.6332227680745339,6.24172402124071,6.61044193899882,6.347029963429982,6.493357310746071,0.007439767147476331,0.005724112439526926,0.007192812592925498,0.006136797886714674,0.08625408481617744,0.07565786436007116,0.0848104509652289,0.07833771688474636,0.9967802310898674,0.9929377724076979,0.9952037505163336,0.9924685698037161
musa-acuminata-rotten-8ba54516-2653-11ec-8817-d8c4975e38aa_jpg.rf.2cafe908df7a2fe87df9957ad26fd12c.jpg,rotten,33.963158700980394,82.57625528642829,50.52912071078431,70.62440599769322,1.681173406862745,2.6160246059207997,2.013250612745098,2.6090580545943873,0.6760333447146583,0.597854089413258,0.6622066701085103,0.5912412847680247,6.327257996285223,6.634852145477084,6.410179223240255,6.661817263108412,0.0060167064322090655,0.004698948989098771,0.005873482193409685,0.004647982875896816,0.07756743151741628,0.06854888029062745,0.07663864686572751,0.06817611660909424,0.9964929347142804,0.9914952853711699,0.9947813391009377,0.9927262120554696
musa-acuminata-rotten-8c08d1d1-2653-11ec-8c69-d8c4975e38aa_jpg.rf.d5c00578680a3f6889d5d3cab306616d.jpg,rotten,26.952435661764707,74.78137639369474,47.28707107843137,60.274340638216074,1.560125612745098,2.4976701268742794,1.9589154411764707,2.4631603229527106,0.6772657288476667,0.6076784383616922,0.6668677267349817,0.5864173095781379,6.473532882988275,6.760546446136618,6.552961502866531,6.810631654671389,0.004219796585147539,0.003332795108378894,0.0041306605003559324,0.0031910499628909766,0.06495996140044681,0.05773036556595579,0.06427021472156393,0.05648937920433342,0.9969881132670574,0.9916672340583834,0.9947159613344772,0.9932837284572386
musa-acuminata-rotten-8c4fa42e-2653-11ec-81b3-d8c4975e38aa_jpg.rf.4d3bb5b42de50a13b1a428655be964b5.jpg,rotten,26.564307598039218,68.44593617839294,42.58060661764705,57.81837754709728,2.2456188725490196,3.582791234140716,2.7185661764705884,3.4651903114186853,0.6193078197073535,0.5260482429854033,0.602713731361015,0.5392907858193557,6.92720159082121,7.2883400550225454,7.0217734395424145,7.268607625582889,0.0038340234224817377,0.002857765201654764,0.0035533453601454368,0.0029583728850037126,0.061919491458520055,0.05345806956535902,0.059609943467054526,0.054390926495176684,0.996063252440059,0.9898686784886145,0.9936822468100156,0.991441804152024
musa-acuminata-rotten-8c532311-2653-11ec-815b-d8c4975e38aa_jpg.rf.e71472e3c62ac07d6a4037dfc33bd90d.jpg,rotten,22.360692401960783,45.98173010380624,33.870159313725495,56.457024221453295,1.6828737745098041,2.5187235678585167,1.938174019607843,2.6729719338715885,0.6714588285796397,0.6080798557567934,0.678738094951656,0.5802958668126027,6.529347518588798,6.793377559747945,6.52203729596805,6.847734186654363,0.004325522687150074,0.003445909737197758,0.0044720626766523094,0.003301299931812817,0.06576870598658661,0.05870187166690478,0.06687348261196144,0.057456939805499714,0.9950878037023455,0.9899261573229394,0.9925552785705116,0.9876312978081718
musa-acuminata-rotten-8ce99396-2653-11ec-af72-d8c4975e38aa_jpg.rf.85ace3c29ba3547d7631445cbf2d9944.jpg,rotten,17.575000000000003,44.15474048442907,31.129473039215686,44.01762399077279,1.396047794117647,2.2522414455978472,1.811642156862745,2.3378085351787776,0.6836215034341502,0.6109327628443488,0.6829836971930234,0.6003884208533065,6.65108519246701,6.950985531349027,6.708907520090914,6.984869296700193,0.0032238185226986012,0.0025519475918010415,0.003267604266162654,0.0025145136707689837,0.05677868017749797,0.050516805043480745,0.057162962363427716,0.05014492667029222,0.9963255605004675,0.9907800384562989,0.9934812631574238,0.9908087007512686
musa-acuminata-rotten-8d92060f-2653-11ec-a70d-d8c4975e38aa_jpg.rf.147dcc770bcdd738af5f00e0de34cf3d.jpg,rotten,23.183394607843134,51.53104190695887,45.146446078431374,72.59129565551711,1.682689950980392,2.7316570549788546,2.359344362745098,3.1400076893502504,0.664741276809699,0.5833169306448382,0.6324877237600313,0.5454205801767275,6.724677240175982,7.076685327018152,6.890484225325773,7.178041434780208,0.003573555247868909,0.0027429120287778587,0.0034098212254226137,0.0025951157992201565,0.05977922087037359,0.05237281765169656,0.05839367453262908,0.050942279093304774,0.9962191611135994,0.9916167661615385,0.9926354313963165,0.988190685374306
musa-acuminata-rotten-8dea532c-2653-11ec-b653-d8c4975e38aa_jpg.rf.05d36c6f61553d8a7a438e60a75ff233.jpg,rotten,16.707398897058823,59.56482891195695,39.10732230392156,41.897362552864294,1.2841145833333332,2.38482122260669,1.8143075980392154,2.0999000384467514,0.6979914180305139,0.5967627689272068,0.6660489535614538,0.608569146422701,6.131068583292186,6.557388129840302,6.314729485516734,6.496613320359597,0.0064932426971822735,0.004648077950677299,0.005863556295392697,0.004806573758858016,0.08058065957276767,0.0681768138788936,0.07657386169831516,0.06932945808859331,0.9955880915425135,0.9843221023754614,0.9896721539982946,0.98897225818859
musa-acuminata-rotten-8e8c6606-2653-11ec-a232-d8c4975e38aa_jpg.rf.113272936053aedb06e13e32ebd4a820.jpg,rotten,24.857858455882358,52.43867743175703,33.463985906862746,53.86274509803924,1.5137714460784317,2.4484890426758943,1.898391544117647,2.374825067281815,0.6897762811178414,0.5980340998526947,0.6632178865567663,0.6157697296277685,6.091018759485069,6.448407336965845,6.212459195445758,6.386115291143529,0.00919499052253791,0.007049782083340909,0.008710777578973532,0.007315242340914929,0.0958905132040595,0.08396298043388473,0.09333154653692144,0.08552918999332876,0.9971067086776025,0.9939121332612486,0.9961039612201711,0.9937468283547525
musa-acuminata-rotten-8f66f4fd-2653-11ec-84f3-d8c4975e38aa_jpg.rf.20b67928181bdb429bddd470fa5f1279.jpg,rotten,10.625306372549023,34.50868127643214,29.02719056372549,39.64072279892349,1.1722732843137256,2.170811226451365,1.873238357843137,2.2778008458285277,0.7014447058613199,0.5914922825739465,0.661302452693272,0.6045517251813974,6.414886940516412,6.847473229643146,6.636164935971559,6.831311696207752,0.004285384973440204,0.0030965617133918116,0.003959685915573338,0.0032731922081842067,0.06546285185844108,0.05564675833677836,0.0629260352761346,0.05721181878059993,0.9974123073714435,0.9916053562774849,0.9929366520028491,0.9903567872103786
musa-acuminata-rotten-8fbdf7c5-2653-11ec-be6a-d8c4975e38aa_jpg.rf.5ddd68bba46448ce0b09934e081f51fa.jpg,rotten,11.593642769607845,43.51512495194157,31.35703125,36.92938100730488,1.2597886029411767,2.5041599384851985,1.9929381127450982,2.270803537101115,0.6879015653463438,0.5556578189795351,0.6427746658838361,0.594158773120523,6.570143757267705,7.071788258369865,6.814930861838346,6.983054795738661,0.0032182846450659014,0.002217626704661103,0.003017595489865677,0.0024386439959433576,0.05672992724361544,0.04709168402872319,0.05493264502885035,0.04938262848354022,0.9972167253444368,0.9895616975328393,0.9924796009173799,0.9911414022172064
musa-acuminata-rotten-a247d84d-1d0a-11ec-bf8e-d8c4975e38aa_jpg.rf.b8702d5c330ab5c8d03903f47be0ec6f.jpg,rotten,21.13607536764706,46.16456747404846,29.36050857843138,48.83843137254904,1.115609681372549,1.7571241830065363,1.3296262254901965,1.7556785851595542,0.7949161254406542,0.742855289912158,0.7888874563305667,0.7490234716386001,5.126613403737359,5.357616122464341,5.141274435974859,5.318427592541562,0.019464399960351788,0.017393181252116533,0.019969869494117352,0.017950633661882338,0.13951487361694376,0.1318832106528975,0.1413147886603428,0.13397997485401442,0.9968305900499704,0.9930954988075691,0.9955990846888074,0.9926955926091848
musa-acuminata-rotten-a35eb494-1d0a-11ec-881e-d8c4975e38aa_jpg.rf.7eedb31f4a282e02ae8fd123bd250fdb.jpg,rotten,15.508486519607843,45.23626297577856,30.003875612745098,40.081568627450984,1.1909313725490196,2.034171472510573,1.5430300245098039,1.9910803537101116,0.6925222561674307,0.6048112814460499,0.6770767275537967,0.5863554059303648,6.414794932965059,6.7626301716586035,6.488426947591821,6.778323680905464,0.004557870573742672,0.0037688115992414706,0.0050308571316470835,0.003381039410358983,0.06751200318271317,0.06139064749000022,0.07092853538349064,0.058146705928702296,0.9971369515753318,0.9916676189629746,0.994462773755009,0.992617110208447
musa-acuminata-rotten-a8446409-1d0a-11ec-823e-d8c4975e38aa_jpg.rf.9fddd819ea2fded8a95378fe91f4ddc2.jpg,rotten,29.95367647058823,45.34085351787775,23.228707107843135,51.15186466743562,1.7299632352941179,2.315955401768551,1.7279718137254902,2.5453594771241836,0.6671336951070836,0.603761431341744,0.6695190427402035,0.5930999450100878,6.318789566807033,6.545355628016755,6.308263806644695,6.609815755492416,0.008324705459025677,0.00685754537078795,0.0086775509644728,0.006925682415053155,0.09123982386559981,0.08281029749244927,0.09315337333920226,0.08322068501912944,0.9958131894619973,0.9936809248067263,0.9967532750084542,0.9928710511218344
musa-acuminata-rotten-aa55d2bd-1d0a-11ec-9f56-d8c4975e38aa_jpg.rf.ef5ca234ba44369c58a94669827efc35.jpg,rotten,11.848299632352942,36.450365244136876,23.392754289215688,27.448519800076898,0.9307751225490195,1.6839523260284508,1.3382506127450982,1.652349096501346,0.7515555357474725,0.6667472006657039,0.7263612978898032,0.6471233236144502,5.744594757979698,6.067571225199588,5.8515935289600955,6.128765513151629,0.011112928672828662,0.00944024374146459,0.011973714568164888,0.008874694484317614,0.10541787643862241,0.09716091673849414,0.10942446969560733,0.09420559688424894,0.997383886759789,0.9919754878640396,0.9948345739465,0.9939572375057651
musa-acuminata-rotten-aaa2193b-1d0a-11ec-ab4b-d8c4975e38aa_jpg.rf.dfdccc873b78d00d7018a4ff0329fd7b.jpg,rotten,15.82374387254902,61.494502114571326,51.3357843137255,64.14683583237218,1.3009497549019609,2.3662898885044217,1.788511029411765,2.253379469434833,0.679285106261445,0.589148906526868,0.6983108763221465,0.6081885026850683,6.243344631932063,6.574287325102062,6.190003346212341,6.5059708066674435,0.005779407798946018,0.004534568122957471,0.006711754188405603,0.004754856744093782,0.07602241642401285,0.06733920197743266,0.08192529638887859,0.06895546928339899,0.9972437920347669,0.9893203737931598,0.9910629367282517,0.9888597424163901
musa-acuminata-rotten-aaa6dc39-1d0a-11ec-8a72-d8c4975e38aa_jpg.rf.e8490e516e7108c61fb377c98964b4b1.jpg,rotten,14.930744485294122,60.12736639753943,47.99007352941176,57.57394848135333,1.2529258578431375,2.173194925028836,1.7262561274509804,2.277862360630527,0.6908390299255267,0.6222792833506748,0.7095827336570333,0.603621778052304,6.1138656279694015,6.372939266165018,6.062027321424871,6.438706706168663,0.0068748538066038326,0.005747050649345085,0.007954442289323817,0.0054810821437530095,0.08291473817484943,0.07580930450376844,0.08918768014318916,0.07403433084558142,0.9971611341365948,0.9886015086810768,0.990879664850114,0.9890855720128368
musa-acuminata-rotten-ab338a80-1d0a-11ec-a310-d8c4975e38aa_jpg.rf.407d51decc0463bc0baca6ce376b77a3.jpg,rotten,18.01897977941177,46.38737408688967,35.82219669117647,52.23081891580162,1.3621476715686276,2.230296039984622,1.76781556372549,2.2338946559015764,0.6757687300693658,0.5899740251799355,0.6816370641221647,0.6029990916545541,6.463167060628152,6.757122623164131,6.4637946575159,6.740081475267943,0.005675770760682492,0.004571444248293585,0.006301318457932344,0.004762690835054271,0.07533771141123476,0.06761245631016215,0.07938084440173425,0.06901225134028212,0.9975869238950006,0.9938025643901504,0.9952022195848055,0.9930218594902281
musa-acuminata-rotten-ab3ab102-1d0a-11ec-9035-d8c4975e38aa_jpg.rf.a8de9bb2cc1f199076c3ac295e0f29a7.jpg,rotten,18.895327818627457,54.55500192233758,36.25635723039217,47.543883121876206,1.5078584558823531,2.507512495194157,2.0071231617647065,2.4590388312187623,0.6609963761532305,0.5796096063758732,0.6506179912011268,0.5735796179242427,6.609508329540023,6.926054083715616,6.667618634805738,6.918409862123051,0.005282959899550355,0.004335592216698367,0.005654418311729565,0.00426363775444366,0.07268397278320961,0.06584521407587925,0.07519586632075971,0.06529653707849797,0.9978644067000807,0.9938441745446841,0.9959029273205932,0.994635276933658
musa-acuminata-rotten-ad4bcfe2-1d0a-11ec-aeb0-d8c4975e38aa_jpg.rf.7e3b168afc00e5e6e069b5b67fe3fe43.jpg,rotten,17.790900735294116,41.89127258746636,38.42791053921569,61.2003537101115,1.4050551470588235,2.2546097654748176,1.8560049019607845,2.51443291041907,0.6748230265609408,0.5867048983637938,0.6744674351322225,0.5922601530750691,6.213456937574465,6.52968243068948,6.22045712679438,6.529460183446896,0.0066690356801996226,0.005203033346681052,0.007451328276121264,0.005433948939580657,0.08166416399008578,0.07213205491791463,0.08632107666219915,0.0737153236415649,0.9969257185192597,0.9927824119517987,0.9933607957023471,0.9894555843836805
musa-acuminata-rotten-aedeb164-1d0a-11ec-8719-d8c4975e38aa_jpg.rf.c0c8425bb2a2aab25160b1cec2e9331d.jpg,rotten,33.415563725490195,67.87732410611304,35.87002144607843,54.978485198000776,1.7078125000000002,2.7650442137639373,2.0348805147058826,2.5930642060745868,0.6806552437999016,0.5563088795635508,0.6256891705455419,0.5718653770796033,6.304090501941898,6.7367637626824095,6.475064220834126,6.678869432656683,0.0077229112553990654,0.005662092345815002,0.0076232598057988515,0.006190531219988881,0.08788009590003339,0.07524687598708003,0.08731128109127051,0.07867992895261715,0.9948275485348745,0.9895173076980316,0.9944478944910334,0.9915093648033301
musa-acuminata-rotten-aeecfc8e-1d0a-11ec-a0ef-d8c4975e38aa_jpg.rf.f08b8f4de2d0c3379620417552dcce08.jpg,rotten,23.765716911764706,45.4641599384852,34.09348958333333,58.885582468281434,1.7332414215686276,2.7616608996539798,2.2517310049019605,2.9325182622068438,0.6587517600989186,0.5319936458063499,0.5838610995099626,0.5197186026802598,6.601412146702365,7.030619230741709,6.8348861964631995,7.071864482078849,0.005934647116831568,0.004562004410511971,0.0056203232192846495,0.0042264641065357855,0.07703666086242035,0.06754261181292867,0.07496881497852724,0.06501126138243886,0.9967231766410625,0.9937337555077107,0.9953044816689077,0.9918839111306944
musa-acuminata-rotten-b0bb611f-1d0a-11ec-b860-d8c4975e38aa_jpg.rf.f084731940ffec0b3dcf562ae28c1700.jpg,rotten,27.717861519607844,54.496762783544796,46.88062193627452,81.18954248366015,1.4864276960784313,2.3574009996155327,2.004702818627451,2.6818300653594775,0.671015130304652,0.5638803032309451,0.6488167147528889,0.5752271838311925,6.2694956239610775,6.663799853064735,6.392956368969651,6.644930771092815,0.006605859248283412,0.004824437056637342,0.006778671575573401,0.005311646704953777,0.08127643722680893,0.06945816767405646,0.08233268837814905,0.07288104489477204,0.9946372961218405,0.9894850237120865,0.9909292976116235,0.984334722506035
musa-acuminata-rotten-b0c02341-1d0a-11ec-93b1-d8c4975e38aa_jpg.rf.ff263458eb03dbb3a71e1dc103630b78.jpg,rotten,26.782613357843143,78.04967320261439,44.746660539215696,52.01843906189928,1.4411917892156865,2.606628219915417,1.9451593137254906,2.2838754325259516,0.684208071100679,0.5888345169644578,0.6616325230518509,0.5791558993457833,6.159078227929312,6.532149139133771,6.284558823905886,6.548280392230213,0.007577644884930077,0.006100882442369413,0.0077491429969467895,0.005577665467737026,0.08704966906846962,0.07810814581315711,0.08802921672346511,0.07468376977454357,0.9944418203907741,0.9838468834684321,0.9907131580019836,0.9892343019173584
musa-acuminata-rotten-b2ff6464-1d0a-11ec-b7f8-d8c4975e38aa_jpg.rf.274c407ab74aec36406acdf02ea073c4.jpg,rotten,22.642708333333335,41.761399461745484,39.4748161764706,70.29893118031526,1.6689950980392156,2.3949404075355636,2.054626225490196,2.904636678200692,0.6473270763935286,0.5691847432411432,0.6475358840215559,0.5579440506720509,6.46525322159979,6.746803472813987,6.480637665864786,6.817112365828117,0.00578351963487601,0.004499623292789083,0.006349729708825935,0.004685713136978487,0.07604945519118471,0.06707923145645814,0.07968519127683596,0.0684522690418549,0.9971916189961454,0.9948340769217219,0.9951039492873562,0.9913039588869428
musa-acuminata-rotten-b436913b-1d0a-11ec-b8cf-d8c4975e38aa_jpg.rf.36c921a8ef9a975969fa837dfecbbd59.jpg,rotten,14.565686274509803,30.973333333333336,23.22504595588235,38.043475586312965,1.2279411764705883,1.9335486351403308,1.5994944852941175,2.0870588235294116,0.6738604231584571,0.5927884693913467,0.6515431593711526,0.5667851030571285,6.33281281328019,6.647731528747846,6.4386979063552685,6.715615636847616,0.005371754553537102,0.004220741645370182,0.005468189865751756,0.004022896703290857,0.07329225438978598,0.06496723516796896,0.07394720999301972,0.0634263092359224,0.997418481439283,0.9945240783585036,0.9958835311011451,0.9932741275172684
musa-acuminata-rotten-b56c701f-1d0a-11ec-91c4-d8c4975e38aa_jpg.rf.0859060706778986bcae1c509598cbdc.jpg,rotten,33.17306985294118,63.43704728950405,34.50488664215686,59.69428681276432,2.1287683823529413,3.340407535563245,2.6025275735294118,3.44564398308343,0.6132261794023343,0.5152354272018808,0.580069579379673,0.500372455934193,6.885236974869929,7.268356969610969,7.024626892046263,7.316736459680033,0.00407899192918589,0.0031663654043686215,0.004221497403342465,0.0030949324343799984,0.06386698622282008,0.05627046653768406,0.06497305136241074,0.055632116932397946,0.9947369511487266,0.9899422288299601,0.9945197987740534,0.9905355951189276
musa-acuminata-rotten-b5701c05-1d0a-11ec-83de-d8c4975e38aa_jpg.rf.ab0a6ded4243d56b796732a8312bb4e7.jpg,rotten,25.215854779411764,49.259623221837764,31.86193321078432,53.88355247981546,1.688771446078431,2.8683583237216457,2.2281096813725494,2.7916955017301044,0.6616494079102763,0.5517795231453493,0.6335610675741451,0.5680068199814271,6.486986952737723,6.905163317090765,6.617879415695798,6.861411051133695,0.005117825306823098,0.003854871422149911,0.005278480820177336,0.00402233417750633,0.07153897753548828,0.06208761085876885,0.07265315423419232,0.06342187459785724,0.9955796612848092,0.9913864657871007,0.9944126180415223,0.9905779383510186
musa-acuminata-rotten-b735844b-1d0a-11ec-bebf-d8c4975e38aa_jpg.rf.9b5aaf00442011c51c68c989538afa31.jpg,rotten,13.726470588235294,37.43713956170704,30.467984068627455,42.54668204536717,1.3256433823529412,2.1923567858515955,1.8204044117647062,2.297393310265283,0.6824217397881875,0.5944968114642248,0.6609412235800901,0.5858555840597955,6.6181803410627555,6.966547017923178,6.750059384410989,6.993170128222077,0.0033764159170676547,0.0025192689470719346,0.003148335211554752,0.0024644247524944194,0.058106935189077516,0.05019231960242458,0.05611002772726772,0.04964297284102171,0.9973965717304678,0.9929101192059238,0.994216350656487,0.9919424745003543
musa-acuminata-rotten-b8744192-1d0a-11ec-af8e-d8c4975e38aa_jpg.rf.705ad6f75fe06a5a1e6e371bf36dc433.jpg,rotten,19.64532781862745,53.473064206074596,39.58564644607844,54.11806228373703,1.3909773284313727,2.493287197231834,1.9555606617647063,2.34240676662822,0.7054893247396606,0.5929810055919658,0.6780445359220032,0.6366654747972194,6.414817699606021,6.812531340485442,6.548246781827495,6.7271817266067,0.004989487451115555,0.003826566690331891,0.004907828348959837,0.003941837057021661,0.0706363040590004,0.06185924902819215,0.07005589446263488,0.06278405097651521,0.9963558057654878,0.9901059476568609,0.9926563709721045,0.9899865305277742
musa-acuminata-rotten-b8c44970-1d0a-11ec-b93c-d8c4975e38aa_jpg.rf.66f54ebe846e11d7b162a14b9f35fe96.jpg,rotten,63.19420955882354,159.42362168396772,99.9843443627451,157.24985774702037,1.872212009803922,3.5584313725490198,2.666176470588235,3.506835832372165,0.6788186482010542,0.570318237516528,0.633926489821362,0.5794496020636758,6.680871506673317,7.12029617912972,6.8873586543214795,7.10131202550836,0.0037471015927242534,0.002734104012578488,0.003386654382666823,0.002775210729141677,0.06121357359870647,0.0522886604588269,0.05819496870578094,0.05268026887879063,0.9917250253105157,0.9790202341902701,0.98685753495747,0.9793069237670202
musa-acuminata-rotten-ba27de1d-1d0a-11ec-abfa-d8c4975e38aa_jpg.rf.3d5d87635b7cc8ebbeb83a2d471a802c.jpg,rotten,11.481786151960783,24.675740099961555,21.635156250000005,34.67434063821608,1.1850337009803922,1.7807612456747406,1.4273743872549023,1.9410841983852363,0.6960756680069013,0.6253135122863384,0.6945445287809439,0.6004618870479128,6.485470844340252,6.774345195614811,6.5074215059437455,6.80871430114725,0.0033398362408688965,0.002582704401539585,0.0033455061041726755,0.002465235253172818,0.05779131631022862,0.05082031485085059,0.05784035013874549,0.04965113546710506,0.9959852017238234,0.9913632796082024,0.9924106314928853,0.9878640315791528
musa-acuminata-rotten-ba291696-1d0a-11ec-ade6-d8c4975e38aa_jpg.rf.a8855f9d7a194af24b7926b01bf39734.jpg,rotten,11.504350490196078,24.680276816609,21.630652573529417,34.718339100346014,1.1856924019607842,1.7803152633602461,1.4270373774509806,1.9425451749327178,0.696343477467531,0.6256043295578804,0.6948050066942217,0.6001138108515454,6.48376941974995,6.773385844354986,6.5066867194927065,6.809642175674,0.0033484682217326273,0.0025900514116284205,0.0033512832072550235,0.002463983908238645,0.05786595045216684,0.050892547702275824,0.05789026867492518,0.04963853249481339,0.9959777517202771,0.9913626660987267,0.9924130872779177,0.9878500027616098
musa-acuminata-rotten-ba322ce5-1d0a-11ec-934b-d8c4975e38aa_jpg.rf.96a08d3b89d2914adf5a3704ed6d5d0d.jpg,rotten,11.898192401960785,34.37370242214534,20.73013174019608,24.497377931564785,1.225735294117647,1.9727797001153409,1.4465839460784313,1.8301268742791237,0.6928772463782544,0.5994809686167855,0.691679299496806,0.6206226719653554,6.5116902117904,6.827577433872082,6.525854227016858,6.805710047802226,0.0033222615888420324,0.00248117955401473,0.0033481895625705853,0.002551875103193534,0.057639063046184505,0.04981143999137879,0.057863542603012005,0.050516087568155295,0.9958315280876099,0.9879474207874475,0.9927137990643172,0.9914101985511462
musa-acuminata-rotten-ba77e80c-1d0a-11ec-b095-d8c4975e38aa_jpg.rf.62020ca042c0815cbe63996dce337ead.jpg,rotten,20.08832720588235,50.36433679354096,33.18875612745098,47.97948481353326,1.595925245098039,2.540638216070742,1.9106617647058823,2.5098961937716266,0.6868011123000881,0.6131428776386005,0.6947472224922959,0.6136031270787153,6.313781760331541,6.5979097140562715,6.3168204064794615,6.616594868790854,0.005327155359980236,0.004249788882843244,0.005685741009505059,0.00420597454532393,0.07298736438576361,0.06519040483723999,0.07540385274974389,0.0648534852211038,0.9949957500180822,0.987487973776862,0.9917249336556049,0.9880803797790912
musa-acuminata-rotten-ba80b8ae-1d0a-11ec-b804-d8c4975e38aa_jpg.rf.8865ef30a77dc26e7e50812010bfed73.jpg,rotten,21.922426470588235,55.02168396770473,39.45032169117647,58.72163014225299,1.9583639705882354,3.158339100346021,2.4986672794117646,3.2211610918877356,0.6497321096977268,0.5636418387840046,0.6332170716248111,0.567729552246937,6.5753607610160705,6.936346224258388,6.6802990951842505,6.91891537371214,0.005441717480018202,0.004032464608220806,0.005150770563567799,0.004246043362200178,0.07376799766848902,0.06350168980602647,0.07176886904200037,0.06516167095923936,0.996265419669691,0.9906450669815383,0.9932775375594881,0.9900159773750341
musa-acuminata-rotten-bacba324-1d0a-11ec-88ee-d8c4975e38aa_jpg.rf.c7a36d949653fab5a843bfb218a9c9b0.jpg,rotten,22.272104779411762,45.4723414071511,33.15381433823529,55.620192233756256,1.6646599264705881,2.489857747020377,1.9337162990196077,2.674709727028066,0.6745640057541401,0.6137067090388668,0.6782439302667893,0.579979927954293,6.448665620618494,6.70962798849402,6.46102785487416,6.7845817317266075,0.004517766768452938,0.0036536905850986547,0.00462169525486742,0.0033812360637917485,0.06721433454593549,0.060445765650694296,0.06798305123240218,0.05814839691506335,0.9948895126466052,0.9895967157293482,0.9923903487124295,0.9872751741760748
musa-acuminata-rotten-bbe71525-1d0a-11ec-8c64-d8c4975e38aa_jpg.rf.c75f0347ebbcd11f7cceaf9fec78ff97.jpg,rotten,26.330606617647067,68.78625144175318,55.79237132352941,80.7043137254902,1.7214767156862747,2.802675893886967,2.2707107843137253,2.9240138408304506,0.6643398886448896,0.5922611851525356,0.6688738982609306,0.5781717253275477,6.7495135347009265,7.063697687800404,6.797039269612711,7.091873341490103,0.003166407343517218,0.002471047940778108,0.003262270553805928,0.0024368669016633804,0.05627083919329103,0.04970963629698077,0.05711628974124569,0.049364632092859566,0.9948090010790119,0.9864544122152319,0.9889874879656759,0.9841077197622176
musa-acuminata-rotten-bc624035-1d0a-11ec-942d-d8c4975e38aa_jpg.rf.80bf8d97ffc04b5c1bb613e35d939998.jpg,rotten,22.96015625,50.036247597078045,44.15591299019608,72.26735870818916,1.636014093137255,2.585113417916186,2.271017156862745,3.080430603613995,0.669805791709162,0.6001349045776639,0.6402085420303136,0.5456603486929734,6.784370089876782,7.103206581026223,6.945793009175394,7.243271706940956,0.0031585208785758485,0.002463073366186755,0.0029143316788840233,0.0022395708863639087,0.05620071955567694,0.049629359921187326,0.053984550372157616,0.047324104707473426,0.9960117285354968,0.9913230121125374,0.992325270015408,0.9874679028027076
musa-acuminata-rotten-bf38cac5-1d0a-11ec-b7c2-d8c4975e38aa_jpg.rf.48b35581cf7dfd3c67d6352f50cfb4a8.jpg,rotten,8.691344975490196,43.991803152633594,40.10085784313725,47.50637447135718,1.1255667892156864,2.3393002691272584,2.1153186274509803,2.379700115340254,0.7116119083645303,0.5986409976458187,0.6393468094256431,0.598306066845625,6.111669717737433,6.581469480027323,6.435283398107622,6.565766854690035,0.008430635363539567,0.005937001783095578,0.006839986798947519,0.006161437272891078,0.09181849140309138,0.07705194211112124,0.0827042127037524,0.07849482322351632,0.9991777896152708,0.9958473430826386,0.996213901636792,0.9955155948170566
musa-acuminata-rotten-bfcd3d6d-1d0a-11ec-889b-d8c4975e38aa_jpg.rf.42ad02c6b662abc89c8d6e72afdea01e.jpg,rotten,19.553002450980397,45.2726028450596,29.466237745098038,44.31620146097655,1.420588235294118,2.3014071510957326,1.8430147058823527,2.380269127258747,0.6809077067434532,0.5919671498930559,0.6502849333331491,0.569185478213778,6.174010503156858,6.526035355035152,6.305968537130434,6.581170993828765,0.00647501158283473,0.0049521725075130805,0.006554426862752607,0.004787223202976527,0.08046745666935629,0.07037167404228124,0.08095941491113066,0.06918976226998129,0.9940653713850954,0.9862956073754244,0.9910617975167737,0.9865853465428766
musa-acuminata-unripe-5cae5735-2653-11ec-8c7e-d8c4975e38aa-Copy_jpg.rf.03215cffb6d90775247cf815981b90e9.jpg,rotten,19.644439338235294,37.655394079200306,20.548728553921567,35.85707035755479,1.2543658088235294,1.9524183006535951,1.45249693627451,1.9857593233371778,0.7018041000064319,0.6069673558428179,0.6826321865436287,0.5986651777545469,6.427376756697253,6.778182478695941,6.513219075055256,6.815195579447378,0.004315867939164024,0.003429814664782318,0.0045601012550010814,0.0033068166341251345,0.06569526572869634,0.05856461956490726,0.06752852178895286,0.057504927042168606,0.99580277659853,0.9919662090680293,0.9956093916820999,0.9923498936955688
musa-acuminata-unripe-6081ed75-2653-11ec-b5f0-d8c4975e38aa_jpg.rf.247b060ccd217d22773413d96c9f4ce3.jpg,rotten,12.105269607843137,36.32713571703192,27.659635416666667,37.97459438677432,1.0931678921568626,2.0040599769319494,1.5931525735294119,2.006089965397924,0.7028136729014958,0.593060199686166,0.6843757504898095,0.6106947938279562,6.33391007511157,6.724199937457023,6.415636805259071,6.688401075673004,0.005044572442277309,0.003916294223926237,0.005731666151352545,0.004311530256085518,0.07102515358855135,0.06258030220385834,0.07570776810441941,0.06566224376371492,0.9980386538304624,0.9941301391627766,0.9955192130510847,0.9938639399876962
musa-acuminata-unripe-60d09471-2653-11ec-a671-d8c4975e38aa-Copy_jpg.rf.921b890017227d732c662786a599327c.jpg,rotten,11.87556678921569,31.605121107266438,26.237944240196086,38.176101499423304,0.9672640931372551,1.7146789696270668,1.355683210784314,1.7001922337562476,0.7387292182144785,0.6396135620861304,0.7270132171454334,0.6592294173278308,5.935499115189799,6.3040826536162475,6.000366925506807,6.24172541100539,0.00810284841523543,0.006454945654977584,0.008964470522718126,0.006772508666039634,0.09001582313813183,0.08034267642403746,0.09468088784289111,0.08229525299821147,0.9975269095310804,0.9934369641276071,0.9945359472979238,0.9920724361034422
musa-acuminata-unripe-81c202ee-1d0a-11ec-9951-d8c4975e38aa-1-_jpg.rf.d8c6d2fd147b9bb719f60d5ad312f66d.jpg,rotten,15.159405637254903,35.379900038446756,21.68367034313725,32.066620530565174,1.1628370098039214,1.944329104190696,1.451623774509804,1.8233294886582088,0.7139421238081125,0.6062492390648875,0.6787165645577644,0.625797911391427,6.277768098516061,6.663301497888769,6.406305029775675,6.607692192486226,0.0044675796080533925,0.00326570660649994,0.004245510196649126,0.0034180651247464797,0.06683995517692537,0.057146361270862554,0.06515757973289928,0.05846422089403467,0.9958977951406717,0.9904463776745976,0.994124841299561,0.9913410918117893
musa-acuminata-unripe-8654ce5d-1d0a-11ec-8c46-d8c4975e38aa-1-_jpg.rf.174dfaf925da35bc8fd71f7ad958ffc8.jpg,rotten,20.273391544117644,38.33161091887736,29.954779411764704,51.11363321799308,1.3135569852941176,2.1350711264898115,1.7114889705882352,2.2241291810841988,0.6856429415571283,0.581849991285079,0.6710179300987155,0.6012188029506984,6.420195353353492,6.813881046767044,6.497128718322388,6.742177167130077,0.004859412052868789,0.0036721473907427144,0.005349578564096441,0.004052941752950134,0.06970948323484251,0.06059824577281684,0.07314081325837471,0.06366271870529984,0.9960705839333636,0.9925891627074408,0.9941933413928501,0.990117959511252
musa-acuminata-freshunripe-19a372aa-2653-11ec-a55a-d8c4975e38aa_jpg.rf.2b2e52685e4ed4674a8de79ec846ed5f.jpg,unripe,9.32310049019608,24.341130334486742,16.832919730392156,24.276216839677048,0.9522058823529415,1.5095117262591313,1.3324601715686275,1.6518108419838524,0.7382133676900784,0.6658031315948985,0.6914361938148812,0.6439402906007748,6.312825613661091,6.5686135018672624,6.496635534211561,6.706114611244695,0.004816291688818605,0.00426743731634877,0.004573303363452458,0.003723389149856745,0.06939950784276935,0.0653256252656549,0.0676262032310883,0.06101958005310054,0.9980481722504949,0.9949075249007929,0.9964819206387258,0.9949210723323488
musa-acuminata-freshunripe-1e57db85-2653-11ec-802f-d8c4975e38aa_jpg.rf.133256b07ad985a5d5bce153aed4caf6.jpg,unripe,18.35623468137255,38.062129950019234,18.993780637254904,29.2242214532872,0.9861979166666666,1.4920415224913497,1.2289522058823532,1.6096116878123798,0.7704947324432894,0.7049809095945004,0.7148389712709234,0.672984670762581,6.016203382840608,6.286940475467009,6.246049934282587,6.414594899464938,0.00703127452200626,0.005794581890471547,0.006069391317341889,0.005457281520534276,0.08385269537710914,0.07612215111563485,0.07790629831625867,0.07387341551961893,0.9952731549126553,0.9902207291998738,0.9951073763997693,0.992491403544584
musa-acuminata-freshunripe-1fde7f1a-2653-11ec-864b-d8c4975e38aa_jpg.rf.e8580c6b3ed53dc203fde7b959b0324e.jpg,unripe,11.723514093137258,28.90652825836217,24.066773897058823,36.999661668589006,0.9368106617647061,1.6205613225682431,1.379794730392157,1.6617762399077278,0.7621513951630428,0.6578535853170621,0.7028804367927821,0.6768752866147103,6.131886564133358,6.536216758358395,6.348727618839952,6.459469111948961,0.0054524208077647435,0.004036114108065673,0.005047430135982855,0.004717083084449376,0.07384050925992279,0.06353041876192596,0.07104526821670008,0.06868102419481946,0.9973155541044982,0.9933944204852616,0.9944926754854744,0.991545074511436
musa-acuminata-freshunripe-203a7440-2653-11ec-9fb0-d8c4975e38aa_jpg.rf.c950d0bbe5ea0f0445d91a3bbf442afa.jpg,unripe,12.61680453431373,37.65487120338332,22.548682598039214,26.649750096116883,0.9314797794117649,1.6505344098423684,1.3279411764705882,1.550019223375625,0.772437143245599,0.6835069214780951,0.7106773099862812,0.6719379553734232,6.004143614887198,6.347932424976735,6.232326491987813,6.396565924960265,0.006462777213654306,0.00552766547512779,0.005912820067326868,0.004948216497928147,0.08039140012249013,0.07434827150060579,0.07689486372526365,0.07034356045814107,0.9967584037094049,0.9903464466135563,0.9942089762777602,0.9931677708064043
musa-acuminata-freshunripe-209055dd-2653-11ec-a69d-d8c4975e38aa-Copy_jpg.rf.043a595c5570d5191053ceda6d58c903.jpg,unripe,13.797533700980392,39.72738177623991,22.664583333333333,26.9127873894656,0.9486672794117645,1.706743560169166,1.34702818627451,1.5521107266435992,0.7725228950938767,0.676827243289863,0.7059132851404083,0.6739258016692053,5.9805676348767065,6.350354229008529,6.219794590734486,6.359292220879206,0.006721417736154664,0.005643193513393024,0.006132843592495975,0.005242551699498657,0.08198425297674343,0.07512119217233593,0.07831247405423976,0.07240546733153966,0.9963270617644007,0.9894476794384027,0.9939683251215354,0.9928514166834287
musa-acuminata-freshunripe-2289e0e1-2653-11ec-88cc-d8c4975e38aa_jpg.rf.8160ec0c930d2bfb35913fc38a4a8606.jpg,unripe,15.341130514705881,29.174086889657833,24.350857843137256,43.302053056516726,0.9845435049019607,1.6047827758554405,1.409497549019608,1.8009688581314882,0.7693698187772726,0.6672158609005417,0.6932404157438881,0.663952625485538,6.031354081667338,6.422131327435914,6.309818122096357,6.438090814081513,0.006281791197158245,0.00474248496090508,0.00543790237209697,0.005096637926944078,0.0792577516534392,0.0688657023554184,0.0737421343066294,0.07139074118500296,0.9960991176329078,0.9925984457848949,0.9938095528490395,0.9890142203668417
musa-acuminata-freshunripe-254b5ef1-2653-11ec-ad18-d8c4975e38aa_jpg.rf.696847263576d6a05d9da927bc820687.jpg,unripe,15.4906556372549,27.322614379084968,21.785860906862744,40.347989234909654,0.9762254901960785,1.563844675124952,1.4106158088235294,1.8101960784313724,0.7711224255108191,0.6815671703161944,0.6895150229767595,0.6574838971060559,6.072087223113627,6.422072408364122,6.373604579131551,6.519223596991131,0.005945475635873222,0.0046432449826693985,0.004938463961239367,0.004497092931902541,0.07710691042878856,0.06814136029365277,0.07027420551837898,0.06706036781812742,0.9960326017741814,0.9930159898945554,0.9944223735429758,0.9896865943108726
musa-acuminata-freshunripe-254b5ef2-2653-11ec-9820-d8c4975e38aa_jpg.rf.0c8ba9a6ddda77d1d01513633ae7d16f.jpg,unripe,15.531127450980394,27.364951941560946,21.808394607843134,40.38906574394464,0.9761335784313727,1.5645059592464436,1.4106924019607843,1.811287966166859,0.771471031102093,0.6815047338112759,0.6896542686689253,0.6572314902868729,6.06966096494917,6.4225610370426605,6.372840131918718,6.518432925740182,0.005958376205778729,0.004647791189057057,0.004949171512872152,0.00450036851824506,0.07719051888527974,0.06817471077354899,0.07035034834933053,0.06708478604158367,0.9960213392047577,0.9930035828356119,0.9944153404836923,0.9896737552850695
musa-acuminata-freshunripe-2552857b-2653-11ec-aae2-d8c4975e38aa-Copy_jpg.rf.321f318372392c9d251c76955f46f9e8.jpg,unripe,14.701041666666669,37.52565936178394,20.058011642156863,25.57544021530181,0.9452205882352943,1.7417301038062283,1.3556832107843135,1.5096808919646292,0.7782666594527453,0.667791880612323,0.6982141707456708,0.6897952518476022,5.9777969725223885,6.418728628494731,6.2753641081208515,6.323223026346057,0.00674220876022744,0.005233020571007424,0.005672419693597414,0.005350783339622873,0.08211095396003776,0.07233961964931405,0.07531546782432819,0.0731490487950655,0.9958577649091127,0.9894478152150638,0.9943506490166494,0.9928081693295241
musa-acuminata-freshunripe-2607ab8c-2653-11ec-89bb-d8c4975e38aa_jpg.rf.6c9371957132cce70ac27b138ae6c154.jpg,unripe,14.420496323529413,28.580176855055747,22.820848651960787,39.46451364859669,0.9288909313725491,1.5284582852748945,1.3015778186274511,1.6331872356785853,0.780519148394335,0.6898946212927204,0.724117426092835,0.6975680647697803,5.898144950443052,6.2600103477904065,6.109711859608791,6.230306553081974,0.007561224527150015,0.005937945672271969,0.006980268748986269,0.00651022229790364,0.08695530189212165,0.07705806688641993,0.08354800266305754,0.08068594857782636,0.996221654896279,0.9925317073124942,0.9940221854212631,0.9896875726436655
musa-acuminata-freshunripe-26c655c0-2653-11ec-9a1c-d8c4975e38aa_jpg.rf.af26eaf2a1627e03ee561ae4c74380b3.jpg,unripe,1.8174938725490197,20.224775086505193,19.959466911764704,21.8885813148789,0.4484375,1.3854978854286815,1.3822916666666667,1.4864282968089197,0.8361645814814049,0.6948529885380763,0.702834687939998,0.678967017273584,5.48451102853983,6.03637428999712,6.001988746336791,6.102399574164357,0.009757909133130887,0.007804502955640194,0.00802776285337971,0.007121106616048808,0.09878212962439556,0.0883430979513408,0.08959778375261136,0.084386649513112,0.9995644512324284,0.9951596416477637,0.9952245738299279,0.9947614275225716
musa-acuminata-freshunripe-26de2b5e-2653-11ec-8ee8-d8c4975e38aa_jpg.rf.581123604f1a0c83f945e08416eba29a.jpg,unripe,10.149203431372548,28.46249903883122,18.190333946078432,24.254948096885816,0.9143075980392157,1.5288581314878895,1.2690410539215686,1.5179392541330259,0.7589703164147843,0.6912305637345114,0.7181709329375011,0.6699644280288295,6.081049961853179,6.338755929932768,6.237711642912579,6.43956006021225,0.006530973617043324,0.005953725129526825,0.0063905784433871595,0.005075788051234546,0.08081443940932415,0.07716038575283839,0.07994109358388313,0.07124456506453349,0.9978168948378239,0.9938879578937632,0.9960932485500217,0.9947914610015106
musa-acuminata-freshunripe-273196c9-2653-11ec-bc93-d8c4975e38aa-Copy_jpg.rf.b9fd62c868d1a783e7e42c4ee1aa2e2d.jpg,unripe,3.501608455882353,26.72681276432142,22.90409007352941,23.327135717031915,0.5636182598039216,1.5200461361014994,1.4256587009803923,1.4548404459823145,0.8157289748885895,0.6685891753183302,0.6827851504249608,0.6735016082998359,5.614101983725068,6.175344456582926,6.106534801451787,6.158622355640999,0.008403231493558668,0.00642033074848774,0.006811962135018682,0.006271816254978972,0.09166914144661042,0.0801269664250915,0.08253461173967369,0.07919479941876847,0.999059362515963,0.9928277886480712,0.9938540159302984,0.9937400521214629
musa-acuminata-freshunripe-27365b06-2653-11ec-9d21-d8c4975e38aa-Copy_jpg.rf.75b059683f1b6b699e124da23253e6a1.jpg,unripe,15.775490196078431,28.932087658592852,24.851286764705886,45.23086505190312,0.9955269607843136,1.5833448673587083,1.3952512254901963,1.81042675893887,0.7699700261955857,0.6743023981583012,0.704526179979074,0.6731623079611865,5.982877713178353,6.357428343458278,6.2259964697583765,6.366239114708314,0.0071737978303492034,0.005592130906384008,0.006521509061268505,0.006040166788835986,0.08469827525014428,0.07478055165873014,0.08075586084779547,0.0777185099499211,0.9963008959318659,0.9932322500330145,0.9941756136854472,0.9894197110271583
musa-acuminata-freshunripe-279cd7ce-2653-11ec-a10b-d8c4975e38aa_jpg.rf.c649fd3694777062a6bbf5f2ec530779.jpg,unripe,11.195879289215686,39.36490580545944,20.98046875,20.743006535947714,1.0096047794117649,1.9833448673587082,1.4969209558823529,1.5257208765859285,0.7373992440387711,0.6061915633877974,0.6582288407854229,0.6436174792615748,6.335607919384255,6.81638854300101,6.637469120031571,6.70431006739547,0.0042422034803696294,0.003155816479066919,0.0035458329437971572,0.0032764544320264834,0.06513220002709588,0.05617665421744979,0.05954689701233102,0.05724032173238095,0.9978584133203552,0.9924605358295226,0.9959836325481978,0.9960271100442346
musa-acuminata-freshunripe-27a8c2a8-2653-11ec-845d-d8c4975e38aa_jpg.rf.51fcbd9912c833e517e5434525d3ac90.jpg,unripe,6.577068014705883,34.266282199154176,24.13887867647059,23.015024990388312,0.7343290441176471,1.6490426758938872,1.4298713235294118,1.4575932333717803,0.7870427257190284,0.6724046389518629,0.6979510912386009,0.6748052897069937,5.829848708440644,6.27781632370528,6.179930191708889,6.274168822698529,0.0077538617818642495,0.006338631002981286,0.006702264875964171,0.005888047494819445,0.08805601502375775,0.07961551986253237,0.0818673614816318,0.0767336138522059,0.998529585253341,0.9923522860170011,0.9946239771180979,0.9948633672204666
musa-acuminata-freshunripe-285de673-2653-11ec-ba0e-d8c4975e38aa_jpg.rf.6c30f20721a7da499553dc4fd0714727.jpg,unripe,10.786887254901963,26.262560553633218,25.11599264705883,39.628911956939646,0.9226102941176473,1.5467743175701654,1.4356004901960786,1.782729719338716,0.7605200320546669,0.6602027672820878,0.6917354346298247,0.6558393339795461,6.035668121277954,6.4367029127709685,6.3088234889590105,6.440727827225722,0.007517099934144923,0.0057044913225785905,0.006603845275855442,0.006119230219471676,0.08670121068442425,0.07552808300611495,0.08126404663721493,0.07822550875175997,0.9977514688895565,0.9945356224908639,0.9947711040073093,0.9917545547160317
musa-acuminata-freshunripe-2862aab7-2653-11ec-ad13-d8c4975e38aa_jpg.rf.5e3d8c1b3254df9e00ae788b99aacb3c.jpg,unripe,10.76812193627451,26.165121107266437,25.01052389705882,39.51637062668205,0.9221354166666667,1.5464359861591697,1.4353707107843137,1.7831603229527107,0.7605847757863204,0.6602239421262159,0.6917255132708665,0.6558642435558631,6.034972499207596,6.4368831056297235,6.309082061175244,6.4413124719865475,0.0075211660113072495,0.005705361422373112,0.006599005875519631,0.006120891308329198,0.08672465630550086,0.07553384289424915,0.0812342654027205,0.07823612534072222,0.9977555099568511,0.9945561999530588,0.9947933448207135,0.9917784291657665
musa-acuminata-freshunripe-28e5c151-2653-11ec-b56a-d8c4975e38aa_jpg.rf.2327467845091f1218a1394a7d2ac6bd.jpg,unripe,8.686335784313727,32.434848135332565,14.65574448529412,10.095824682814303,0.793075980392157,1.6121491733948483,1.1132199754901961,1.0241138023836986,0.7659019059382719,0.6397942333462843,0.7110252552076001,0.7092111126510967,5.8884345288835345,6.348849647966038,6.081022415045318,6.101873829123418,0.005871980367189003,0.004480110258364829,0.005353988653327448,0.005115738615896261,0.07662884813951598,0.06693362576735874,0.07317095498438878,0.07152439175481509,0.9972935061013625,0.9898825041785101,0.9954381643414046,0.9968509851318766
musa-acuminata-freshunripe-296d9c3e-2653-11ec-813f-d8c4975e38aa_jpg.rf.35338f6c881ce1fd33314f2f1ad21fed.jpg,unripe,17.985110294117646,38.179869281045754,16.295634191176468,25.399692425990008,1.2743872549019608,1.8713110342176087,1.3158547794117648,1.70240676662822,0.6970064898908894,0.6217538130890019,0.6764413830880244,0.6232342727616078,6.406645947266983,6.681420196026891,6.459710655216247,6.677296676457994,0.004295895527711697,0.0036718732821094304,0.004198629048548034,0.003519426192954208,0.06554308146335278,0.060595984042751794,0.06479682900071604,0.05932475194178403,0.9963285441182693,0.9921825867709746,0.9966769889548315,0.9947995664271396
musa-acuminata-freshunripe-2bd2262e-2653-11ec-aa4d-d8c4975e38aa_jpg.rf.b2a10525b7b9656336758f025b83e6de.jpg,unripe,1.6353707107843138,16.679600153787007,15.581770833333334,16.490995770857364,0.45121017156862747,1.4778162245290276,1.422640931372549,1.4303575547866205,0.8333140957869664,0.6413073702759401,0.6493780746733886,0.6512574194577383,5.58461097154779,6.306576024856842,6.283108007025629,6.2935434340746825,0.008977096774678008,0.0056566974432836516,0.005753023176182238,0.005612642226003337,0.0947475423147113,0.07521101942723321,0.07584868605442179,0.07491756954148564,0.9995933069055731,0.9958622594497961,0.9961348343877858,0.9959090264780595
musa-acuminata-freshunripe-2cf74f64-2653-11ec-a785-d8c4975e38aa_jpg.rf.752fdb7bce3b095e76f76f712d56c847.jpg,unripe,4.039399509803921,12.801937716262977,11.330407475490198,16.638723567858516,0.5731924019607842,1.2731718569780854,1.1183670343137257,1.2894886582083815,0.8046362568624161,0.6728887415498229,0.7169938834478832,0.6895091121872405,5.801512397896616,6.307095620663078,6.1819494613105155,6.286389615188137,0.009543309195231402,0.007664190790487969,0.008404039546463501,0.007613100275956323,0.0976898622950785,0.08754536418616334,0.09167354878296957,0.08725308175621262,0.999274954006391,0.9977068721015951,0.9979669048152249,0.997019613568356
musa-acuminata-freshunripe-2ef09879-2653-11ec-b645-d8c4975e38aa_jpg.rf.2061d2e4c3dc26468cb69e532e53b04a.jpg,unripe,7.753017769607844,20.528196847366402,16.824923406862744,25.80412149173395,0.7247702205882353,1.4117954632833527,1.266467524509804,1.577347174163783,0.7938764684542142,0.649853653031996,0.6633532755271256,0.6271447156258138,6.065893324179552,6.573526603406366,6.518460417409713,6.666391765224159,0.004648951523490064,0.003045432885142658,0.0031567139939040877,0.0028510218691211093,0.06818322024875376,0.055185440880205515,0.05618464197540185,0.05339496108361827,0.9980923448704443,0.9949581650477429,0.9958645489624174,0.9936623789827416
musa-acuminata-freshunripe-2fef9ede-2653-11ec-992f-d8c4975e38aa_jpg.rf.902b262701c873a82a3ad9a62f58b059.jpg,unripe,7.360615808823529,24.659869281045754,19.14779411764706,26.044505959246447,0.64921875,1.4253287197231834,1.2221813725490196,1.43120338331411,0.810143338274617,0.6732400101231436,0.7135823242139915,0.690673106982443,5.825127488712466,6.350824375806379,6.227958540554071,6.311451265687963,0.007080425187653186,0.004949602413882455,0.005586674685480044,0.005403810470671898,0.08414526241953961,0.07035341081910994,0.07474406120542317,0.07351061468027524,0.9984503393972395,0.9948203237694115,0.9959680709517361,0.9945295169858502
musa-acuminata-freshunripe-31957c73-2653-11ec-a526-d8c4975e38aa-Copy_jpg.rf.26c48fec7137a61da7fc7200a6b386b5.jpg,unripe,4.319408700980392,21.33464052287582,18.065655637254903,21.89234909650135,0.5805912990196078,1.3793310265282586,1.2041666666666666,1.3402845059592468,0.8075522166597279,0.6740236236706758,0.7202973947110062,0.7018459620897517,5.848782312185637,6.350898631482369,6.222001397087597,6.283003412576736,0.007565469884817438,0.005615488083798249,0.006383899423261184,0.006272881825684115,0.0869797096156192,0.07493656039476491,0.07989930802742402,0.0792015266625847,0.999145894331547,0.995791276710057,0.9964321956668096,0.9956812756800213
musa-acuminata-freshunripe-319f0516-2653-11ec-98a6-d8c4975e38aa_jpg.rf.35e68a93d70f262acbc6450a9978ee57.jpg,unripe,3.626056985294118,20.713479430988087,17.573238357843135,20.429588619761628,0.5546109068627451,1.3362245290272974,1.214047181372549,1.3723644752018451,0.8099633431620176,0.6998553679789208,0.7179643114353027,0.6734779948351322,5.84058796272919,6.292964410733215,6.2361303752639,6.353121648949156,0.0075276825291429395,0.0062171361944752266,0.0063270939024353615,0.005574054636366308,0.08676221832769687,0.07884881859910918,0.0795430317654247,0.07465959172381208,0.9993053682609088,0.9960406639881896,0.9966398016654713,0.9960949080983263
musa-acuminata-freshunripe-34cbc552-2653-11ec-97f0-d8c4975e38aa_jpg.rf.80cac737bf4dc00035480533f7545a08.jpg,unripe,6.2428921568627445,25.256316801230298,18.363664215686274,22.162798923490968,0.6282475490196079,1.416962706651288,1.1784007352941175,1.3512341407151096,0.8095937497018297,0.692065553639189,0.7252606199466749,0.6865942039349018,5.751761758092588,6.218892476943754,6.104917278868333,6.212272563391026,0.008912187962750203,0.007263614015311592,0.007604956768054955,0.006917469325745089,0.09440438529406461,0.08522683858569197,0.08720640325145256,0.08317132514121131,0.9986040667234497,0.9943634913196888,0.9958933804978668,0.9950538638409129
musa-acuminata-freshunripe-39bafaf1-2653-11ec-9d43-d8c4975e38aa_jpg.rf.d155dcc5ce471c9e0b235e0e2be40465.jpg,unripe,13.304810049019608,29.612779700115343,19.14439338235294,29.22960399846213,0.9138480392156862,1.4222683583237217,1.1603553921568628,1.4957170319108035,0.7654050121620883,0.7044656486338408,0.728914919154332,0.6685236865660693,6.067786332215617,6.348937281676182,6.220359763764404,6.382084585163334,0.008432026547406647,0.006911175233374441,0.007827549589363166,0.007200387512507019,0.09182606681877781,0.08313347841498298,0.0884734400222076,0.08485509715100809,0.9977789406801788,0.9950666328642129,0.9968063920777853,0.9951304653819111
musa-acuminata-freshunripe-39bd5cf5-2653-11ec-a760-d8c4975e38aa_jpg.rf.ace8b68d7457e8fa4d2e9e561b1229af.jpg,unripe,12.97526041666667,29.154894271434067,18.44719669117647,28.268635140330645,1.0248008578431376,1.457854671280277,1.1862285539215685,1.5501114955786237,0.7355566288634718,0.6985093965020216,0.7265858295910756,0.6506475142777339,6.253751873051958,6.4478268718427785,6.30833457140475,6.517520135797402,0.007971159609772988,0.006851165900318408,0.007684228787831002,0.006947876345433048,0.08928135085096432,0.08277176994796237,0.0876597329897314,0.0833539221958574,0.9982609684142524,0.9960961966241613,0.9975299382262393,0.9962148550064304
musa-acuminata-freshunripe-3a9d6783-2653-11ec-803f-d8c4975e38aa_jpg.rf.94bd833968c9a458fa8b2309817a60f4.jpg,unripe,15.870327818627453,33.856931949250296,22.021583946078433,35.72705882352942,0.9383731617647061,1.5723952326028456,1.2754136029411764,1.5957554786620531,0.7639386659074021,0.6672138971182112,0.7023797787891398,0.6729049254877244,6.125914483393298,6.457094021233962,6.3509422191174725,6.491468075411194,0.0070274012183189774,0.005887856399240766,0.0061429053588538665,0.005416345441916655,0.0838295963148993,0.07673236865391793,0.07837668887401321,0.0735958248946002,0.9969901078381834,0.9935922655891062,0.9958261339814264,0.9932383215807072
musa-acuminata-freshunripe-3b207e26-2653-11ec-b0f9-d8c4975e38aa_jpg.rf.31bae0b353515e05f5e14de70d2bcf5e.jpg,unripe,14.968979779411766,32.34299115724722,20.140196078431373,32.261914648212226,0.9246170343137254,1.5996462898885047,1.3110600490196078,1.630311418685121,0.7627572472380953,0.6625394573770175,0.6838476535454376,0.6460745808697057,6.117337102024382,6.48761414056695,6.401754705650914,6.554514258590394,0.007128911529857808,0.005812571363363779,0.005899663600312981,0.005199687518523101,0.08443288180476731,0.07624022142782495,0.07680926767202628,0.07210885880752171,0.9968575911978574,0.9932232814044578,0.9957725531270436,0.9932402769315791
musa-acuminata-freshunripe-3baabb38-2653-11ec-ad44-d8c4975e38aa_jpg.rf.c0292202bbbc726d2ad4d487c5be4a4f.jpg,unripe,3.8907935049019606,18.341345636293735,14.4828125,16.249934640522877,0.6913449754901961,1.23118800461361,1.103063725490196,1.3064513648596694,0.7628948465744794,0.6935715939748377,0.7272832516087735,0.655586553594511,6.326611940146968,6.596882233529231,6.497688735503487,6.712447537227231,0.003577766462455846,0.00298944897572149,0.0032245900859194784,0.0026227819690797065,0.05981443356294404,0.05467585368077475,0.056785474251074795,0.051213103490022026,0.9993835221981421,0.9970936667154755,0.9977070844593859,0.9974250950742974
musa-acuminata-freshunripe-3baf7f86-2653-11ec-9fe7-d8c4975e38aa_jpg.rf.5ac3437682e668c33567f774fafcb1dc.jpg,unripe,11.000658700980392,28.00183006535947,19.24874387254902,27.93743944636679,0.9413449754901961,1.6767550941945404,1.221109068627451,1.3918031526336025,0.74139733012615,0.6322742830985881,0.7285597751872487,0.6954887006894337,6.420010588161334,6.828678487304774,6.525502721386724,6.614617934997309,0.003856303953106978,0.0028715451322141043,0.0036719756692888553,0.0033676507763775237,0.06209914615441164,0.05358679998109706,0.060596828871557755,0.058031463675988076,0.9981309076499523,0.9952486417464992,0.9967346033398181,0.995259581635756
musa-acuminata-freshunripe-3bb90809-2653-11ec-a87d-d8c4975e38aa_jpg.rf.a50bacee1f6b287ac674c44f99b96f77.jpg,unripe,9.92420343137255,25.607627835447907,17.51691176470589,25.170826605151866,0.9006433823529412,1.3428373702422147,1.1707414215686276,1.5986005382545176,0.7503078815372061,0.7045141884740094,0.7367340655069327,0.6439660678117272,6.319207088730481,6.513523105615042,6.423883195483427,6.718421387820219,0.004631816624953444,0.004110143660180976,0.004434946918890873,0.0035607167917109926,0.06805745091430801,0.06411040212150425,0.06659539712991336,0.059671741986563394,0.9981473489693911,0.9952260998409548,0.9967350261750251,0.9953075146623823
musa-acuminata-freshunripe-624a3116-1d0a-11ec-8f1d-d8c4975e38aa-Copy_jpg.rf.aca2c282712e90f94f4fccb99799964e.jpg,unripe,9.235232843137254,23.46568242983468,18.655392156862746,28.131626297577863,0.8772365196078431,1.546574394463668,1.3189644607843136,1.569473279507882,0.7641121234887781,0.6657548135136884,0.7066426781657322,0.6787515676619207,6.026955093155006,6.440688221761591,6.257994087898078,6.350881051122548,0.007398019429125816,0.005643837396701146,0.006833225061049237,0.0064775932008524235,0.08601174006567834,0.07512547768035253,0.08266332355433839,0.08048349645021906,0.9979018176339228,0.9946778546790026,0.9957652131448481,0.9936196266052522
musa-acuminata-freshunripe-63487ec0-1d0a-11ec-a802-d8c4975e38aa-Copy_jpg.rf.149b465f01693e84031e8fae7d14bd43.jpg,unripe,72.57248774509804,154.6970703575548,82.20674019607844,150.2173164167628,1.4503982843137253,2.7224759707804695,1.9586090686274513,2.7018377547097274,0.7489679160032517,0.6571086574045409,0.6855710325423772,0.6436434557246551,6.14328834219207,6.507408749064883,6.391942814950713,6.583884900156151,0.00659320647970432,0.005551350092924069,0.005908828260164363,0.004911237138408749,0.08119856205441277,0.07450738280817593,0.07686890307636998,0.07008021930908,0.984823852414045,0.9672404803464705,0.9827563621359303,0.9681892050341893
musa-acuminata-freshunripe-64aa8ffa-1d0a-11ec-9754-d8c4975e38aa_jpg.rf.06b36212bd18c48587532e6d31eedf5f.jpg,unripe,14.62325367647059,26.0082429834679,20.714736519607847,39.44119953863898,0.9946384803921569,1.6227604767397152,1.2642156862745098,1.5485428681276432,0.7509734284936865,0.6533667595044056,0.7283344811331144,0.7112717170643456,6.142991223294339,6.534787972372693,6.259745482808155,6.324101920130067,0.006180113455461841,0.00459730837265589,0.005845008624237072,0.005608948499830234,0.07861369763254901,0.06780345398765383,0.07645265609667902,0.07489291354881471,0.9969367861104301,0.994563737583674,0.9956620378723836,0.991756020779041
musa-acuminata-freshunripe-6545e05b-1d0a-11ec-b02a-d8c4975e38aa-Copy_jpg.rf.a5bb0868c708b91f8c17c3dfe6d21d30.jpg,unripe,4.764659926470588,31.210949634755867,22.022931985294115,18.573502499038838,0.708532475490196,1.4010918877354865,1.3245251225490196,1.4868435217224147,0.7748373428240918,0.7080799055970222,0.7072804285619472,0.6489167651261973,5.962432418819549,6.254387351469609,6.2716274729564265,6.470144905937865,0.0069572983169409,0.005757560196659345,0.005799919577205883,0.004854833906634852,0.08341042091334212,0.07587858852574517,0.07615720305529794,0.06967663816972552,0.9989942303891568,0.9934242419043618,0.9953646135130484,0.9960867650389212
musa-acuminata-freshunripe-66460859-1d0a-11ec-bb20-d8c4975e38aa_jpg.rf.526398514f8564b4b2aea71537eca896.jpg,unripe,14.189920343137258,36.96505959246444,20.678768382352942,26.695194156093812,0.9254901960784315,1.6440599769319495,1.3151654411764706,1.511064975009612,0.7819399596691471,0.6917460965734159,0.7130705504442948,0.6904080418026391,5.875722358937452,6.245279898222941,6.136929423287256,6.23306311691606,0.007703220201702773,0.006424777859519621,0.006777291186082276,0.006081976987823422,0.08776799075803646,0.08015471202318439,0.08232430495353286,0.07798703089503678,0.9960003767414036,0.9896080339248298,0.9941762844954111,0.992495151724534
musa-acuminata-freshunripe-66a84d00-1d0a-11ec-a5a9-d8c4975e38aa_jpg.rf.e25a18c6d803c56fdf8df4d3f3c188d7.jpg,unripe,17.01905637254902,39.045305651672436,18.931541053921567,27.514494425221073,1.1333639705882352,1.7563244905805462,1.312484681372549,1.634263744713572,0.7411660494736667,0.6676554142414269,0.7033744370115171,0.6621333758971784,6.16917770209227,6.448712912756673,6.283881442060581,6.4784207047370455,0.006317949423373824,0.005644977702805874,0.00623478356713013,0.005202517175764623,0.07948552964769011,0.0751330666405004,0.07896064568587398,0.07212847687123736,0.9964928350785209,0.9919628093466183,0.9961039606830177,0.9943363053376156
musa-acuminata-freshunripe-67d029fe-1d0a-11ec-9aaf-d8c4975e38aa_jpg.rf.3ea40979f83cedf0ccc9f4d9cbbb4cd4.jpg,unripe,15.821185661764709,40.537977700884284,21.288082107843135,26.846782006920417,0.9929074754901961,1.7974625144175318,1.378094362745098,1.5631218762014611,0.765866622092332,0.6629088752149657,0.696171693807705,0.6756295905986185,6.037899033779972,6.460443554024836,6.307207702641431,6.392811289086493,0.006277351188733001,0.005057756598806156,0.005495545747691693,0.0050193246290834515,0.07922973677056488,0.07111790631624469,0.07413194822538859,0.07084719210444018,0.9957356379038298,0.9890995118941932,0.9942619862651788,0.992780981091769
musa-acuminata-freshunripe-681fb712-1d0a-11ec-ac1f-d8c4975e38aa_jpg.rf.c6a53618d987bd1df98612f0021b9bb7.jpg,unripe,17.27483149509804,29.892041522491354,22.998621323529413,43.525059592464444,1.0198069852941178,1.6075663206459057,1.3657169117647059,1.7827450980392159,0.7641949246097822,0.6733033007238047,0.7068630742415001,0.6750185109861682,6.031019382271032,6.389969725790126,6.256551397236198,6.40020299125981,0.006651645823196006,0.0052312808444272395,0.006042094687139562,0.005594002011174538,0.08155762271667809,0.07232759393500685,0.07773091204366228,0.0747930612501891,0.9955729690895817,0.9923587944585912,0.9941053882500258,0.9888738758883452
musa-acuminata-freshunripe-68261f97-1d0a-11ec-b6ae-d8c4975e38aa_jpg.rf.22a719dd589fc20cba149df7eac91f16.jpg,unripe,16.265900735294117,40.243091118800464,21.206648284313726,28.02499038831219,0.9833946078431373,1.7169242599000385,1.311703431372549,1.5458208381391774,0.7715718669673297,0.681993505856124,0.7137609845016699,0.6827097745397499,5.933175090285093,6.303371185914342,6.160453434460188,6.287344005948951,0.007600695453483936,0.006468997329125918,0.0069468156872506985,0.006150655508978963,0.08718196747885389,0.08043007726669121,0.083347559575855,0.07842611496803194,0.9953962490883663,0.9886388678596228,0.9939971667529507,0.9920881585180861
musa-acuminata-freshunripe-6828ce9b-1d0a-11ec-a5a3-d8c4975e38aa-Copy_jpg.rf.8879ca74f6ee1c3392419d4da92b4ff2.jpg,unripe,14.46282169117647,41.78036139946175,23.62461703431373,28.223544790465212,0.9740042892156862,1.8387697039600153,1.4701439950980393,1.6329411764705888,0.7663560525506747,0.6616681756941801,0.6871264419335998,0.6651579563652172,6.036482367680553,6.468094851384675,6.346462827116387,6.439888789838734,0.006654191887960761,0.005497478641063289,0.005768894898071054,0.005156084379458942,0.08157323021654077,0.07414498392381841,0.07595324152444749,0.07180587983904202,0.9966708682052957,0.990404017275075,0.9945627290263837,0.993517668583071
musa-acuminata-freshunripe-68817869-1d0a-11ec-a794-d8c4975e38aa_jpg.rf.a36c5c90db521b44fe4fcad78113dd24.jpg,unripe,18.087607230392155,27.531318723567864,23.283854166666664,47.080676662822,1.071859681372549,1.5913571703191083,1.4593137254901962,2.0010918877354866,0.7571043597701987,0.6759162788575331,0.6853752598805023,0.6397116350542982,6.119498623560303,6.4300459269489565,6.384722228000013,6.584078104431079,0.00602010384471267,0.004918453479800525,0.005238594310368909,0.004653779954209786,0.07758932816252935,0.07013168670294852,0.07237813420066111,0.06821861882367442,0.9958653333564855,0.9937180910100732,0.9946764142254891,0.9892574857852795
musa-acuminata-freshunripe-69810752-1d0a-11ec-983a-d8c4975e38aa_jpg.rf.0cef066cf105b7aeba16d09517f85497.jpg,unripe,12.235386029411767,22.31377162629758,14.530238970588236,26.816316801230307,0.8870404411764707,1.4414917339484816,1.1736213235294115,1.4661899269511731,0.7808648663943587,0.68618940886609,0.7218384541255216,0.7015592940909952,5.727274758796198,6.046088452974697,5.926856376379652,6.062324581493109,0.010190148799064665,0.0084473875055597,0.009355965877945082,0.00828996613700022,0.10094626689018601,0.09190967035932454,0.09672624193022844,0.0910492511611173,0.996946086314439,0.9944465454180863,0.9963761126909492,0.9933259482596433
musa-acuminata-freshunripe-6988b07a-1d0a-11ec-b432-d8c4975e38aa-Copy_jpg.rf.3f5cb50e11c15b0d784be976798a6777.jpg,unripe,8.963219975490196,20.651226451364863,12.17170649509804,18.16502883506344,0.8596660539215685,1.3597846981930028,1.1252604166666667,1.3181853133410228,0.7711400093342481,0.7027624561964653,0.7186355070990375,0.693092066814819,5.578822946811874,5.865954387905485,5.732025202570309,5.8292421981971465,0.013057031099817379,0.011121623969487383,0.012540450398622224,0.011726557481440686,0.11426736673178996,0.10545911041483037,0.11198415244409463,0.1082892306808054,0.9981634543107516,0.9957742078023146,0.9975120153912241,0.996282942658468
musa-acuminata-freshunripe-69dd7f0f-1d0a-11ec-9842-d8c4975e38aa_jpg.rf.201c3406906e223cc99480da5cbddaef.jpg,unripe,8.066666666666668,17.374917339484817,10.49548100490196,16.802998846597465,0.8421875000000003,1.3902960399846214,1.1669883578431373,1.339131103421761,0.7674960872124894,0.6843177045617965,0.6958939215271527,0.6831542356349404,5.682141111003215,6.0139558100797155,5.884680932415133,5.956379724074212,0.011980774911354712,0.010016648906662196,0.011223165416020881,0.010512333927698528,0.10945672620426171,0.10008320991386216,0.10593944221120329,0.10252967340091612,0.9982143315907257,0.9961619409320444,0.9976837748990912,0.9962882659872261
musa-acuminata-freshunripe-69ea7cc6-1d0a-11ec-8574-d8c4975e38aa_jpg.rf.e75ade8ab1770ab463ef2ab4310e78c9.jpg,unripe,5.081449142156862,17.583083429450213,12.050765931372549,14.524582852748946,0.6347579656862745,1.4298193002691273,1.2467830882352942,1.2839523260284509,0.809188224049716,0.6805326854171124,0.6935973261739474,0.6879931109868889,5.526667668589847,6.0326046217587725,5.9308600253510955,5.942963576042792,0.012411053286108408,0.009691671126992383,0.010452575918254095,0.010099156669550545,0.11140490692114242,0.09844628549108586,0.10223783995299439,0.10049456039781728,0.9987158892939382,0.9955682544398102,0.9969640491576582,0.996339127595766
musa-acuminata-freshunripe-6a53fe0e-1d0a-11ec-a2c3-d8c4975e38aa_jpg.rf.7d75c67ce21c3b8e7bb418e6f1216409.jpg,unripe,11.022564338235295,23.61570165321031,14.849509803921567,24.587927720107658,0.9098498774509803,1.6035832372164553,1.3271139705882353,1.5376855055747791,0.7628544099082332,0.6502468688048002,0.673750048623343,0.6693715668046104,6.023943775385108,6.428998350719294,6.329412453737357,6.395967928844239,0.007060515782504026,0.005339198170165232,0.005681941623827074,0.005354914717241957,0.08402687535844723,0.07306981709410001,0.07537865496164729,0.0731772827948808,0.9971811986045207,0.9939759347681784,0.996205880952268,0.9937279382692201
musa-acuminata-freshunripe-6a5ef92d-1d0a-11ec-bdff-d8c4975e38aa_jpg.rf.df97ba48f345ed47e95d23db622105c1.jpg,unripe,4.426148897058823,16.996309111880045,14.086994485294117,17.587604767397156,0.7330729166666666,1.4442291426374472,1.3709405637254901,1.4828758169934642,0.7707754627558455,0.6598216325506769,0.6550645948964086,0.6498193180341636,5.94539475396183,6.382095603541948,6.350189205715399,6.388556418504789,0.0077071930013771755,0.0058330681379607195,0.006131971477316417,0.005968893932345839,0.08779062023574714,0.07637452545162372,0.07830690568089392,0.0772586172044636,0.9989522458438286,0.9959841484192044,0.9966751836071264,0.9958444189251536
musa-acuminata-freshunripe-6b1c99c9-1d0a-11ec-8170-d8c4975e38aa_jpg.rf.b1003afc75973a05646da49d45459541.jpg,unripe,3.7447457107843145,14.393910034602078,12.257092524509806,16.36178392925798,0.5324908088235296,1.2617301038062285,1.1309589460784313,1.2748481353325647,0.8173288480743348,0.68417551234495,0.7203879217436744,0.70005015190527,5.69569394270615,6.204222492274467,6.1064970403503995,6.185561770999555,0.00945324690605026,0.007372996485987631,0.00806549881843822,0.007587532491643637,0.09722780932454593,0.08586615448468407,0.08980812222977508,0.0871064434565184,0.9993410663348878,0.9974732354003831,0.9978448993461366,0.997127796552662
musa-acuminata-freshunripe-6becefec-1d0a-11ec-9ba7-d8c4975e38aa_jpg.rf.9e18a1e9d16fb0a153d725dd45ca3538.jpg,unripe,7.635539215686275,21.26168396770473,17.61272977941177,26.17923875432526,0.7157169117647058,1.4418915801614767,1.305039828431373,1.6061668589004228,0.7970949629743567,0.6441154968565197,0.654854530187239,0.619724724753507,6.068191263203358,6.603249148257134,6.5552743538172615,6.699151152497391,0.004676706210689699,0.0030424042094240804,0.003119721667485163,0.002810653282881026,0.06838644756594467,0.05515799315986832,0.05585446864383514,0.05301559471401812,0.9981650203032163,0.9948994374132871,0.9957706861938251,0.9937197491747467
musa-acuminata-freshunripe-6c6f8745-1d0a-11ec-87b8-d8c4975e38aa_jpg.rf.9912f701deb22e4afd73fb756689f6d6.jpg,unripe,1.1472579656862745,20.065236447520185,20.15580575980392,21.508143021914652,0.3653645833333333,1.4546712802768167,1.3753829656862744,1.3873279507881584,0.8516337207059855,0.6542534395580546,0.6733890670080068,0.6632154119958787,5.665850286671002,6.446962263784215,6.378480293608545,6.392241279754916,0.006616431635556336,0.0040453036059091224,0.00425082572282896,0.004141865171485667,0.08134145090638804,0.06360270124695273,0.06519835674945312,0.06435732414796055,0.9997720719635851,0.996012102413499,0.995995905997191,0.9957253222304522
musa-acuminata-freshunripe-6ce23886-1d0a-11ec-ad59-d8c4975e38aa_jpg.rf.a443f162624f61083f055f9ec1116eaf.jpg,unripe,3.0585937500000004,14.849996155324877,11.984865196078431,14.083398692810462,0.5359221813725491,1.2141330257593235,1.1035232843137255,1.2890272971933876,0.8074460567114455,0.7201353647223229,0.7448775352990991,0.6898416123434375,5.779775156730979,6.180768662930077,6.102489733492085,6.277916886980754,0.00884477673288219,0.00776208943385422,0.008128334992851307,0.006974255103432996,0.09404667316222402,0.08810272092196823,0.09015727920057985,0.08351200574428204,0.9993959342173027,0.9970738577782657,0.9976366956010132,0.9972249011669407
musa-acuminata-freshunripe-6d3c52a0-1d0a-11ec-be7c-d8c4975e38aa_jpg.rf.ae9cd20f4dc00e869744d494aa41095c.jpg,unripe,3.723360906862745,16.343729334871206,14.03155637254902,17.828450595924643,0.5839613970588236,1.3977547097270282,1.1958639705882352,1.3312572087658594,0.79674811752177,0.6728077100009409,0.7306049645711687,0.7026785702309055,5.880744286966459,6.392042411773591,6.2126964786626395,6.307997036193676,0.008001102387378053,0.006282894358940703,0.007339515084718018,0.006923809772983834,0.08944888142049655,0.07926471067846462,0.08567096990648593,0.08320943319710712,0.9993378066823982,0.9970993958600575,0.9975068283256396,0.9968359058573444
musa-acuminata-freshunripe-6e54a4a9-1d0a-11ec-bd49-d8c4975e38aa_jpg.rf.6568e713769e47a58602159fad3ab573.jpg,unripe,3.513373161764706,11.876016916570551,11.540333946078432,16.451011149557864,0.7097886029411765,1.100961168781238,1.1810202205882352,1.5306266820453671,0.7608790291549568,0.704885528121957,0.6981907434943508,0.6294264272219448,6.193469593341289,6.404953093084487,6.447887051121105,6.684235033454105,0.0045071202285103685,0.003933476743706506,0.003987968705883855,0.0032296853264226735,0.06713508939824515,0.0627174357233019,0.06315036584125111,0.0568303204849548,0.9993199942091333,0.9976968005129485,0.9977644142262236,0.9968095157444924
musa-acuminata-freshunripe-6e5b180c-1d0a-11ec-ad2e-d8c4975e38aa_jpg.rf.3d39599dd585fe9afcb266846c12bd18.jpg,unripe,11.063664215686273,27.027158785082662,17.275995710784315,25.417993079584775,0.945955882352941,1.6574702037677818,1.2420189950980394,1.4354325259515572,0.7407506292967467,0.6389916216852385,0.7035400315453842,0.6682845270087697,6.309150541206019,6.720100404995956,6.473754455846074,6.5524797767411895,0.005490368084465711,0.0040883618387687224,0.005031314132672831,0.00474480885342505,0.0740970180538037,0.06394029902001337,0.07093175687005666,0.06888257292976976,0.9981365529216696,0.9954533473956345,0.9970905271340079,0.9957240243477009
musa-acuminata-freshunripe-6ed2c8c2-1d0a-11ec-a829-d8c4975e38aa_jpg.rf.a7e93c4b507fd0edef702a4bf6526920.jpg,unripe,11.158287377450979,26.579023452518264,17.84805453431373,27.243521722414457,0.969500612745098,1.6779853902345252,1.265793504901961,1.506189926951173,0.7361715742693349,0.6311887947372372,0.7052825412935744,0.6649825383424371,6.398767652859346,6.802664217916636,6.541821760395414,6.656325268593218,0.004469860389295884,0.0033687806762873716,0.004243259686591397,0.003799287559970502,0.06685701451078925,0.0580411980948651,0.06514030769493952,0.061638361107110094,0.9981120385108149,0.9955087614424413,0.9969806853137675,0.9953964668667145
musa-acuminata-freshunripe-6eddc53d-1d0a-11ec-90ff-d8c4975e38aa_jpg.rf.1636ff4d44a6c8cd24190bb62b87b32a.jpg,unripe,3.943841911764706,17.519384851980007,14.691482843137255,17.434186851211077,0.7627450980392156,1.29919261822376,1.2596813725490197,1.5145251826220685,0.7490665462325076,0.6823239039741866,0.6979861075092177,0.6345287096828183,6.382358702146811,6.634618402930706,6.605692217492661,6.819017521807602,0.003949580502390907,0.0034431989234318394,0.003608743740200584,0.0029577337317841707,0.0628456880174838,0.05867877745345279,0.060072820311689916,0.0543850506277614,0.9993545394044002,0.9971319360772513,0.9975966817781735,0.9971458817481733
musa-acuminata-freshunripe-6f356a93-1d0a-11ec-80b0-d8c4975e38aa_jpg.rf.3215f690377958f7e5433662e41a4b1c.jpg,unripe,10.902726715686276,26.232725874663597,16.36386335784314,24.075078815840065,0.933670343137255,1.4518569780853519,1.206449142156863,1.586005382545175,0.7483313089934587,0.6906142099409609,0.7213616993767126,0.6450879954289899,6.284621427632179,6.522888768339092,6.411717305693651,6.679371969032423,0.005404997359601777,0.004668801887778353,0.005184090455556458,0.004195596612724441,0.07351868714552633,0.0683286315374335,0.07200062816084633,0.06477342520451146,0.9980029759457641,0.9952034009659054,0.9970042041461574,0.9955979055522615
musa-acuminata-freshunripe-6f937c1e-1d0a-11ec-9f7a-d8c4975e38aa_jpg.rf.fe14250a3e02f7aec9a9c8594f1bdffa.jpg,unripe,12.050153186274509,25.37428681276432,16.829304534313728,28.034186851211075,0.9948223039215687,1.6583621683967706,1.2685814950980392,1.538100730488274,0.7361443394366574,0.6313486236114779,0.7061945792373905,0.6790145993823037,6.371080029125019,6.770114635548566,6.514944516629151,6.615921312275946,0.00486589442762399,0.003683447690615549,0.004551890841450704,0.00411666337777695,0.06975596338395729,0.060691413648188725,0.06746770220965513,0.06416122955318851,0.9979212378721501,0.9956299382845293,0.9970981243758295,0.9951718607677962
musa-acuminata-freshunripe-6f98b58a-1d0a-11ec-be11-d8c4975e38aa_jpg.rf.2dcb478b10c095f6808c2cdc7f8551f5.jpg,unripe,11.045496323529415,25.688919646289897,15.214813112745098,22.87633986928105,0.9553615196078433,1.4805997693194928,1.2161917892156862,1.5853287197231838,0.7449144152547802,0.6883623977655055,0.7133310591954263,0.6411099806342946,6.274631305077374,6.516680827805672,6.418592030707675,6.6683895133584254,0.005588090978004254,0.004807396439514511,0.005260427813033148,0.00432794768403777,0.07475353488634671,0.06933539095955622,0.07252880678070713,0.06578713919937369,0.9978957510932376,0.9951143780308722,0.9971026834795103,0.995649264785377
musa-acuminata-freshunripe-704f6f47-1d0a-11ec-ba2c-d8c4975e38aa_jpg.rf.ad4856d2bf3848d56e04a0ebb220f5a5.jpg,unripe,12.607751225490196,27.775132641291815,19.344546568627454,30.23717031910804,0.9598651960784313,1.57440984236832,1.2184742647058822,1.490811226451365,0.7460105538719611,0.6419491424323017,0.7204625913648584,0.6851161887134195,6.284373758067126,6.639278818594068,6.42851437320126,6.570393845451407,0.006546944600258916,0.00533311480324088,0.006031333046296797,0.00526010127415283,0.0809131917567149,0.07302817814543151,0.07766165750418154,0.07252655564793374,0.9981102626304503,0.9958429489426739,0.9971025971626808,0.9954744527665612
musa-acuminata-freshunripe-7119959c-1d0a-11ec-92d5-d8c4975e38aa_jpg.rf.49eabef3140819e1237d21d2550aeac6.jpg,unripe,14.02518382352941,30.09837754709727,18.749126838235288,30.407720107650906,0.9078124999999999,1.5850057670126874,1.3072457107843134,1.626728181468666,0.7643283449490783,0.6627304602947206,0.6807114930123499,0.6411420270605553,6.111297946740271,6.496014876895758,6.413322901430963,6.568882479755361,0.007065035692777418,0.005634663981158875,0.005686418825917312,0.004979666620400487,0.08405376667810562,0.07506439889294308,0.07540834718993192,0.07056675293933033,0.9969594020371445,0.993486946392829,0.9959351552838868,0.9934200166007767
musa-acuminata-freshunripe-711ace0a-1d0a-11ec-a21b-d8c4975e38aa-Copy_jpg.rf.6d3a65e9c1bcdd0e3a0711beb961fce7.jpg,unripe,14.057444852941178,30.168412149173392,18.78233762254902,30.444782775855437,0.9082414215686274,1.5863898500576696,1.3080422794117648,1.628143021914648,0.7644317452656053,0.6623871609749774,0.6806197753364925,0.6405860041816296,6.111712822026414,6.497089425737487,6.413582845341006,6.570441520147245,0.00704539028051861,0.005623970551651013,0.0056872810853623,0.004968928964564392,0.08393682315002522,0.0749931366969739,0.07541406424111023,0.07049063033172843,0.9969529816337513,0.9934730146719739,0.9959287173078574,0.9934132309647892
musa-acuminata-freshunripe-7120e889-1d0a-11ec-9032-d8c4975e38aa-Copy_jpg.rf.168dfbbcdd0b894b00685f866ac69edd.jpg,unripe,12.808425245098043,27.36318339100346,16.84405637254902,27.460561322568246,0.8682904411764708,1.5458208381391774,1.2471200980392156,1.5219838523644753,0.771389069080989,0.6522418633501406,0.6905107296166928,0.67088789501203,6.021740816708351,6.468506345732703,6.312312186606182,6.400473311089318,0.00798260821878154,0.005791891061329885,0.006559603587337202,0.006457093351697903,0.08934544318979866,0.0761044746472235,0.08099137971004816,0.08035604116491742,0.9969199557185651,0.9934324062104778,0.9959493551627479,0.9934090258568914
musa-acuminata-freshunripe-71d6e2c3-1d0a-11ec-988f-d8c4975e38aa-Copy_jpg.rf.d3006ed2b4507edc686e7ab0d7608ece.jpg,unripe,11.598789828431373,23.02892733564014,16.78651960784314,29.49453287197231,0.9977481617647058,1.7467435601691657,1.4352941176470586,1.6843983083429448,0.7351977678973827,0.6325650631361208,0.6876801159996895,0.6631675669149169,6.342086530480507,6.758820611434731,6.57742467581918,6.653977744075866,0.004759038905371432,0.0035192257554505775,0.004163501215916054,0.004039904209793617,0.06898578770566755,0.05932306259331675,0.06452519830202813,0.06356024079401852,0.9979770089385387,0.9959901367251629,0.9970791237837422,0.9948643330442958
musa-acuminata-freshunripe-724a36b5-1d0a-11ec-93a5-d8c4975e38aa-Copy_jpg.rf.57c26dfc433564af40c555ad5ec997ed.jpg,unripe,11.743474264705881,22.79255670895809,15.894010416666667,28.51723183391004,0.9746936274509803,1.7137716262975782,1.3647518382352941,1.5958631295655517,0.7441654210015975,0.6360228655353543,0.6998226160094098,0.6808482610551088,6.255219536619153,6.685939222572033,6.475061110823792,6.543396249467412,0.00567858187430916,0.0041239017140806316,0.00491426613824911,0.004797299237672317,0.07535636585126143,0.06421761217984231,0.07010182692518868,0.06926253848706614,0.9979333930305672,0.9959972896859344,0.9972101785423164,0.9949919496143692
musa-acuminata-freshunripe-724bb5ca-1d0a-11ec-b1cd-d8c4975e38aa-Copy_jpg.rf.9f14208b3abecacf108fcac03dddd0d8.jpg,unripe,11.750413602941178,22.764398308342944,15.871706495098042,28.524967320261446,0.9761488970588235,1.7146482122260667,1.3655790441176472,1.5973241061130339,0.7434120012456641,0.6352843841277699,0.699164224559293,0.6803178679921651,6.257294421969982,6.687007972082907,6.475963647710996,6.545385562491143,0.005668930880888661,0.004117462762747182,0.004906178334730033,0.004779020874619987,0.07529230293256184,0.06416745875244852,0.07004411706010744,0.06913046271087722,0.9979322241116578,0.9960023355613474,0.9972141701646265,0.9949907175097862
