Filename,Label,Contrast0,Contrast45,Contrast90,Contrast135,Homogeneity0,Homogeneity45,Homogeneity90,Homogeneity135,Dissimilarity0,Dissimilarity45,Dissimilarity90,Dissimilarity135,Entropy0,Entropy45,Entropy90,Entropy135,ASM0,ASM45,ASM90,ASM135,Energy0,Energy45,Energy90,Energy135,Correlation0,Correlation45,Correlation90,Correlation135
musa-acuminata-freshripe-43de8667-2653-11ec-a9f3-d8c4975e38aa_jpg.rf.e56f620664ffe3e56f85df2c683ada8d.jpg,ripe,1352.1764944392955,1976.1408041805778,1355.189701112141,2080.3469298882274,0.9792056024599499,0.9696099897859228,0.97915926396961,0.9680074596332509,5.302652919369787,7.749571781100305,5.314469416126043,8.158223254463637,0.2602702739170422,0.27698547235206494,0.2604015754448602,0.28067049620593076,0.8963782040992802,0.8914925003941879,0.8963337942648902,0.8899899185898296,0.9467725197212264,0.9441888054802323,0.9467490661547495,0.9433927700538253,0.7502421030525206,0.6155080255216309,0.7496855394938633,0.5952329424196
musa-acuminata-freshripe-442acb3c-2653-11ec-a09b-d8c4975e38aa_jpg.rf.5733c2a384dbf5f83900cefeb9411c37.jpg,ripe,1120.9128822984244,1837.9544200899986,1355.9430027803521,1877.9756132965597,0.9827620815935406,0.9717350841188142,0.979147679347025,0.9711196196398892,4.3957367933271545,7.207664392509798,5.317423540315106,7.364610248221803,0.2492232538925873,0.27128873549567123,0.2598318283325599,0.27277168177320565,0.9001274044232466,0.8938233578722686,0.896650624272058,0.8932430559100478,0.948750443701212,0.945422317206585,0.9469163765993585,0.9451153664553592,0.792139662643808,0.6408935208120247,0.7485560435207355,0.6330740288658608
musa-acuminata-freshripe-44b04409-2653-11ec-b743-d8c4975e38aa_jpg.rf.983163401e4b60b00f0e468e2babf24f.jpg,ripe,1313.758109360519,1684.6656989403398,854.244091751622,1776.0348381477718,0.9797964182117843,0.9740924291984693,0.9868630379886258,0.9726873121805467,5.151992585727526,6.6065321527072145,3.3499768303985173,6.964842502540281,0.21298990660045752,0.21759945746156184,0.19266920845670826,0.2206941098943569,0.9205810784128887,0.9195346432588715,0.927412194672323,0.918204287623239,0.9594691649098936,0.958923690008163,0.9630224268792098,0.958229767656609,0.661140570135381,0.5308958699839399,0.7796636505352764,0.5054536468858031
musa-acuminata-freshripe-45145e8c-2653-11ec-8c3a-d8c4975e38aa_jpg.rf.a98646f8a74eb707296eefb595a4d6ee.jpg,ripe,1152.5515523632994,1620.4807664392508,691.5309314179797,1439.2527217302945,0.9822755274449713,0.9750794948722165,0.9893653164669828,0.9778665038333852,4.51981000926784,6.354826535055886,2.7118860055607046,5.644128320510959,0.18223990959982656,0.18894094728488686,0.16152399636731307,0.1829500576091792,0.9344889831255944,0.9320794038878872,0.9413778145616973,0.9347353117528115,0.9666897036410362,0.9654425948174687,0.9702462649047907,0.9668171035686178,0.6315055382085432,0.4286919971738533,0.7789033229251259,0.49258478406960127
musa-acuminata-freshripe-457d3d65-2653-11ec-abaf-d8c4975e38aa_jpg.rf.b00f0bfde4ddce909ecbd5c6cc087167.jpg,ripe,1186.4501274328081,1540.4383800261287,677.2181997219648,1539.6832631731747,0.9817542194286469,0.976310423830066,0.9895854242960974,0.9763220363674041,4.652745597775718,6.040934823631877,2.6557576459684893,6.037973581071274,0.18479721540295466,0.18766833823155055,0.16193638369154706,0.1876433425513301,0.9334359130621368,0.9326959528298525,0.9410427863383741,0.9327070154715332,0.9661448716740864,0.9657618509911502,0.9700735984132205,0.9657675783911641,0.6249597752228134,0.4637290572351972,0.7859294209049582,0.46399193514831727
musa-acuminata-freshripe-48cdbe24-2653-11ec-bb61-d8c4975e38aa_jpg.rf.b5598b616713733c17e42ed595dc9c99.jpg,ripe,1055.3756371640409,1887.0370155320074,1377.0354494902688,1864.383509943388,0.9837699437584344,0.9709802691918308,0.9788233099146453,0.9713286453119769,4.138727988878592,7.400145158949049,5.400139017608897,7.311307882130933,0.23797899443719345,0.2642318372468841,0.2524287692018111,0.26341303656604753,0.9055784816969811,0.8976221138880999,0.9008168149490741,0.8979503965511128,0.95161887418072,0.9474292131278726,0.9491136996951809,0.9476024464674586,0.7931249596871736,0.6088918578762975,0.7300731094276609,0.6135870336520921
musa-acuminata-freshripe-48cdbe25-2653-11ec-9d1c-d8c4975e38aa_jpg.rf.f441234dc09b07eea97927525ab54621.jpg,ripe,1080.234592215014,1911.955871679489,1399.634499536608,1914.221222238351,0.9833876512131299,0.9705970554596701,0.9784757712370958,0.9705622178476556,4.236214087117701,7.497866163448976,5.488762743280815,7.506749891130788,0.2402049752347563,0.2662778231599607,0.2544664313582422,0.2663590234098154,0.9046345280557246,0.8966827906448692,0.899909900594572,0.8966500024305539,0.951122772335793,0.9469333612482291,0.9486358103058159,0.9469160482484992,0.7897906265791366,0.6067927692755074,0.7276366695844043,0.6063268839310472
musa-acuminata-freshripe-4a4d77e5-2653-11ec-9a63-d8c4975e38aa_jpg.rf.72b0ab1eb34c6f0697f92283fdf52145.jpg,ripe,972.1358028266914,1950.0892727536652,1591.726424930491,2044.4788793729133,0.9850500445540754,0.9700106223240909,0.9755216924779244,0.9685590551568155,3.812297265987025,7.647408912759471,6.242064411492122,8.017564232834955,0.24679643472830304,0.2805826322319702,0.27456891632617,0.28398365681565696,0.8996955448569873,0.8895333413754776,0.8905902066104655,0.8881709248668953,0.9485228225282655,0.9431507522000274,0.9437108702407033,0.9424282067440974,0.8253029497121414,0.6314667541681835,0.7138010791314209,0.6136287461414741
musa-acuminata-freshripe-4b180f20-2653-11ec-a773-d8c4975e38aa_jpg.rf.299d4c88ec2f2a945194751c4f47cf76.jpg,ripe,1452.3656163113997,2417.129046305705,1773.2721269694161,2556.825664102192,0.9776648476561468,0.9628282679804124,0.9727297984349428,0.9606799485728448,5.695551436515292,9.47893743649296,6.954008341056534,10.026767310204674,0.29971052916467994,0.3303101891163709,0.3133928682418249,0.33506892993626236,0.875195543706157,0.8653126680651009,0.8705052309831041,0.8633286494564356,0.9355188633620153,0.93022183809299,0.9330086982355009,0.9291548038171226,0.7830827863425213,0.6241304015227536,0.7351539829099041,0.6024072288522473
musa-acuminata-freshripe-4b370b1d-2653-11ec-af18-d8c4975e38aa_jpg.rf.e183a5c9de9d671430a75aeac90555cb.jpg,ripe,1310.7449026876739,2278.942662215126,1799.637685356812,2525.8658731310784,0.9798427567021243,0.9649533623133035,0.9723243366444683,0.9611560626037111,5.14017608897127,8.937030047902454,7.057402687673772,9.905356365219916,0.29325524740057396,0.32540745069799115,0.3144317777558495,0.3339889318045134,0.8773015855931031,0.8673051218647201,0.87014268885802,0.8637883570470181,0.936643787996858,0.9312921785694971,0.9328143914295169,0.9294021503348365,0.8041952027277132,0.6455441714126577,0.7311622639750043,0.607138917619397
musa-acuminata-freshripe-50d6a152-2653-11ec-a8e5-d8c4975e38aa_jpg.rf.a5689bfaa558797d93a522f2a74fe77d.jpg,ripe,1132.9657089898055,1747.3403977355206,1206.0359708063022,1763.952968500508,0.982576727632181,0.9731285885993984,0.9814530192414371,0.9728731127779578,4.443002780352178,6.852315285237335,4.729552826691381,6.917462621570619,0.23791978564135352,0.25512860445894614,0.24123112488695642,0.2557453662654233,0.906416899776335,0.9016567280920033,0.9053335954228978,0.9014150440256831,0.9520592942544781,0.9495560689564378,0.9514901972290086,0.9494287988183648,0.7721315081843395,0.6277807706660076,0.757435202528675,0.6242419534467561
musa-acuminata-freshripe-77bc0083-1d0a-11ec-9a56-d8c4975e38aa_jpg.rf.dc4975de7b3b6a9dcd0ae0bd0a1a65bc.jpg,ripe,974.772358665431,1651.4405574103644,1315.2647126969416,1888.5472492379156,0.985009498375028,0.9746033808413502,0.9797732489666142,0.9709570441171546,3.822636700648749,6.476237480040645,5.157900834105653,7.406067644070258,0.23395124907325002,0.25527306984328996,0.2496097717780364,0.26411560015435165,0.9068644561805718,0.9011338547438288,0.9018125382357475,0.8976859730709816,0.9522943117443115,0.9492807038720574,0.9496381090898508,0.9474629138235341,0.8087173490817796,0.6573257345962104,0.7419014617440395,0.6081260458276736
musa-acuminata-freshripe-7815e46c-1d0a-11ec-8f21-d8c4975e38aa_jpg.rf.f7aef3c03300a1373a4b997984966ed2.jpg,ripe,1163.851077386469,1778.300188706634,1251.2340708989805,1808.5048628247932,0.9821017581061965,0.9726524745685321,0.980757941886338,0.9721879730750039,4.5641218721038,6.973726230222093,4.906800278035218,7.0921759326462475,0.23934915109975055,0.25629691649620456,0.2432596668206653,0.25740557934429953,0.9059480379142935,0.9011956803107299,0.9046541123009542,0.9007567941562872,0.9518130267622383,0.9493132677418609,0.9511330676098662,0.9490820797782914,0.7659523037816405,0.6212420573008957,0.748379790667511,0.614808801373947
musa-acuminata-freshripe-781d375c-1d0a-11ec-9c74-d8c4975e38aa_jpg.rf.a5aea82138bf327b322cb8b58f4f2e3e.jpg,ripe,1215.0755908248377,1888.5472492379156,1319.7845227062096,1902.1393525910873,0.9813140037704174,0.9709570441171544,0.9797037412311043,0.9707480184450669,4.765002316960148,7.406067644070258,5.175625579240037,7.459370010161127,0.2538189376484149,0.2734301650467172,0.2585022521001106,0.2739287692178303,0.8985937910675282,0.892951332214218,0.8970462773600997,0.8927544888408505,0.9479418711437575,0.9449610215316915,0.9471252701517892,0.9448568615620307,0.7750513364591973,0.6316569403889497,0.7556664237300147,0.6290059307636002
musa-acuminata-freshripe-78846c45-1d0a-11ec-9d4e-d8c4975e38aa_jpg.rf.babf85a1b9091b4ece08db1f42d0a186.jpg,ripe,960.4596269694161,1463.4164610248222,668.9318813716403,1281.433299462912,0.9852296062041426,0.9774949026385626,0.9897128551445322,0.9802935241370696,3.766508341056534,5.738888082450283,2.623262279888786,5.025228625344753,0.1596293271038959,0.1674386257035969,0.14635727566590884,0.1614569580857962,0.9440348284042993,0.9411172077157977,0.9484058036523365,0.9437977344036255,0.9716145472378948,0.9701119562791697,0.9738612856317559,0.9714925292577526,0.6433313177697394,0.389829227746713,0.7515907530819831,0.4657070172787265
musa-acuminata-freshripe-78c4e960-1d0a-11ec-8450-d8c4975e38aa_jpg.rf.8680441df7cc0123d28388e9d5e80a01.jpg,ripe,1227.1284175162186,1671.828712440122,861.0238067655237,1640.8689214690085,0.9811286498090577,0.9742898423332187,0.9867587763853609,0.974765956364085,4.812268303985171,6.556191029176949,3.3765639481000926,6.43478008419219,0.20090199917334312,0.20787288975442214,0.18475558828529165,0.2068302128372097,0.9260133052214921,0.923904597501458,0.9314627149656945,0.9243564628592739,0.9622958511920812,0.961199561746393,0.9651231605166745,0.9614345858451702,0.6597938619108102,0.49632463858731907,0.7612918257606239,0.5056519600949613
musa-acuminata-freshripe-79a9a790-1d0a-11ec-9e66-d8c4975e38aa_jpg.rf.95e136ac2bf87a05ab41f3f91225b15e.jpg,ripe,542.3772011121409,1485.3148497604877,1212.0623841519925,1551.7651328204386,0.99165907173881,0.9771581390557548,0.9813603422607574,0.976136235769993,2.126969416126043,5.8247641167077955,4.753185820203893,6.085353462040935,0.17681125633155206,0.21086399492731472,0.20916705174084244,0.21330417738234908,0.9319204830255291,0.9222647693415028,0.9218994694692724,0.9212905804400455,0.9653602866420025,0.96034617161808,0.9601559610132473,0.9598388304502197,0.8605361851455655,0.5877957086165777,0.6883371137489095,0.5693544388444672
musa-acuminata-freshripe-7a2e1c34-1d0a-11ec-9936-d8c4975e38aa_jpg.rf.2e55060ac4d6c10675c628b01704cee3.jpg,ripe,1168.3708873957366,2135.8480185803455,1541.6318639944393,2100.357526491508,0.9820322503706865,0.9671539381388929,0.9762920698798259,0.9676997273937885,4.581846617238183,8.375874582668022,6.04561515291937,8.23669618231964,0.2920352859872418,0.32868612364747346,0.310219721084014,0.3273477961763114,0.8761521050785448,0.8646531962561423,0.8700601277429619,0.8651634366415956,0.9360299701818018,0.9298673003478197,0.9327701366054565,0.9301416218198149,0.8308138799899435,0.6828843241642849,0.7779990446568693,0.6881537025501001
musa-acuminata-freshripe-7a4c284f-1d0a-11ec-944b-d8c4975e38aa_jpg.rf.67d13f3ce54ba383b31d93012003cf36.jpg,ripe,801.5129749768305,1624.2563507040209,1294.1722659870252,1690.7066337639717,0.9876739615695749,0.9750214321855254,0.9800976183989938,0.9739995288997636,3.143188137164041,6.369632747858906,5.075185356811863,6.630222093192046,0.2150317142024254,0.24309002558355863,0.2381358385110255,0.24559011948857956,0.9150490341588426,0.9071653612355987,0.9077167555541551,0.9061955394840032,0.9565819537074921,0.9524522881675483,0.9527417045317976,0.9519430337388909,0.8306294125032525,0.635235322061299,0.7265238070306276,0.6203123598769169
musa-acuminata-freshripe-7b17957f-1d0a-11ec-8682-d8c4975e38aa_jpg.rf.98c5d463bd223d0eedecc7bb3a11fc59.jpg,ripe,1489.2773980537536,2056.1831905937,1166.8642840593145,1949.7117143271882,0.9770972011494824,0.9683790608280733,0.9820554196158566,0.9700164285927599,5.8403035217794255,8.063463492524313,4.575938368860056,7.64592829147917,0.2640231291889815,0.2775724599919349,0.24989724023081875,0.2737998094533983,0.8954943437264063,0.8914787834656013,0.9002501019843616,0.8930153040685952,0.9463056291317337,0.9441815415827621,0.948815104213862,0.9449948698636386,0.7211253977063066,0.5940751610225299,0.7814988573834442,0.6150944053471071
musa-acuminata-freshripe-7b5893b3-1d0a-11ec-bad2-d8c4975e38aa_jpg.rf.21acef64ea3c05b690a9a5b091ef82b6.jpg,ripe,1376.2821478220576,2108.663811874002,1497.9403672381839,2141.8889534039777,0.9788348945372304,0.9675719894830683,0.9769639779897552,0.9670610378401874,5.397184893419833,8.269269850486282,5.874275949953661,8.399564523152852,0.26874717910836876,0.2898419706057856,0.2741222530693263,0.2910070625358223,0.8919505670700911,0.8854000448098448,0.8900833904845251,0.8849224856985566,0.9444313458743792,0.9409569835066026,0.9434423090388331,0.940703186822792,0.7576439744714725,0.6103422358613856,0.736458791758599,0.6042025969635882
musa-acuminata-freshripe-7ce0998f-1d0a-11ec-bed4-d8c4975e38aa_jpg.rf.1c4708afc7e8822a37476af89ecb474a.jpg,ripe,1555.5679448563485,2451.864421541588,1697.9419601482855,2349.9236463928,0.9760777543620037,0.962294091262855,0.9738882606934413,0.9638617838035124,6.100266450417053,9.615154594280737,6.6585959221501385,9.215386848599215,0.29483314134009597,0.3213336812876544,0.30080100972925283,0.3178607023703268,0.8790576845639134,0.8702347855247554,0.8769777096865039,0.8716867337300026,0.9375807616221193,0.9328637550707796,0.9364708803195665,0.9336416516683489,0.7548711455567856,0.5966379455989186,0.7324356232857118,0.6134084652614212
musa-acuminata-freshripe-7d573cfe-1d0a-11ec-85d6-d8c4975e38aa_jpg.rf.b67b89029ceede146a8dc347fd0f69c5.jpg,ripe,1273.0798192771085,2037.3052692698502,1606.039156626506,2252.5135723617364,0.9804219878313735,0.9686693742615285,0.9753015846488096,0.9653598011201406,4.992469879518072,7.989432428509216,6.298192771084337,8.833386558281319,0.2678706004672048,0.2911553380069817,0.2822662932300185,0.29872729053965663,0.8914022854401494,0.8844207594786171,0.8865085236459849,0.8813294774250443,0.9441410304822841,0.9404364728564163,0.9415458160100255,0.9387914983770594,0.781009849810847,0.6323924480882501,0.7237355028382993,0.5935606644356006
musa-acuminata-freshripe-7d91609e-1d0a-11ec-96bb-d8c4975e38aa_jpg.rf.bf416467dbb02fc6df0aba9c29832d16.jpg,ripe,1390.5948795180725,2007.100595151691,1421.4802479147359,2149.8176803599945,0.9786147867081156,0.9691338757550566,0.9781398171821312,0.9669391061981363,5.453313253012049,7.870982726085063,5.57443234476367,8.430657570039193,0.2612924922934578,0.2774011563040837,0.2626159685781899,0.2823692537007455,0.8961613935200058,0.8913972457811982,0.8957069575666678,0.8893427518601007,0.94665801296984,0.9441383615663533,0.9464179613504109,0.9430497080536638,0.7420644371279075,0.6077388544746339,0.7363356407694267,0.579846696271363
musa-acuminata-freshripe-7dabffc7-1d0a-11ec-826c-d8c4975e38aa_jpg.rf.e48820357475e0c86991be6437ba5c32.jpg,ripe,1494.5505097312325,2321.229205980549,1508.8632414272474,2123.388590506605,0.9770161087913876,0.9643030602223641,0.9767960009622729,0.9673455450049734,5.860982391102873,9.10285963129627,5.917110750695088,8.327014080418058,0.2973247905996581,0.32238192748109573,0.29794929700247663,0.31526401267765247,0.8770265752134868,0.8691488478743274,0.876816630628345,0.8719834149716337,0.9364969702105217,0.9322815282275668,0.9363848731308858,0.9338005220450638,0.7713407633575778,0.6298015270848839,0.7691509823615064,0.6613539018095946
musa-acuminata-freshripe-7e812a0f-1d0a-11ec-a1bc-d8c4975e38aa_jpg.rf.708f225e5fa824bf6d1e83db07b388f5.jpg,ripe,772.1342099165894,1611.419364203803,1221.8553058387397,1544.2139642908985,0.9881257618503893,0.9752188453202749,0.9812097421671525,0.976252361143375,3.0279772937905465,6.319291624328639,4.791589434661724,6.055741036434896,0.1736320658898406,0.19806569847894465,0.19356444128045347,0.1957988424112867,0.9361880569481534,0.9282044202448714,0.9294840136862772,0.9291877951434482,0.9675681148881217,0.9634336615693223,0.9640975125402395,0.9639438755152958,0.7719900678556068,0.47968740835944274,0.6391881854261409,0.5013874180389225
musa-acuminata-freshripe-7f28d0e2-1d0a-11ec-96f9-d8c4975e38aa_jpg.rf.d3abc4c2370624ac75c46456ca27ba72.jpg,ripe,1108.8600556070435,1620.480766439251,1142.7586306765522,1885.5267818260998,0.9829474355549004,0.9750794948722166,0.9824261275385762,0.9710034942665072,4.348470806302132,6.354826535055887,4.4814063948100085,7.394222673827842,0.23102568348781155,0.24413255246397875,0.23257059126178656,0.2538392974064006,0.909872530687375,0.9066273797928924,0.9093692662483541,0.9027710890319949,0.9538723870033009,0.9521698271804733,0.9536085497982671,0.9501426677252185,0.767563224070979,0.6392082747126466,0.7604574802416271,0.5801971397751532
musa-acuminata-ripe-6abd4e84-2653-11ec-9d0f-d8c4975e38aa_jpg.rf.b48decc46ef21ae88f289524b80de25e.jpg,ripe,1842.5758804448567,2792.4221222238352,2017.3418674698796,2880.7707940194514,0.9716640131571241,0.9570568369233255,0.9689763807174072,0.9556981700547558,7.225787766450418,10.950674989113079,7.911144578313253,11.29714036870373,0.3332331293073778,0.3611879590409973,0.34028287261518714,0.3640692060233256,0.8596808028390386,0.8501114961568067,0.8571526707770343,0.848871348921088,0.9271897340021829,0.9220149110273688,0.9258253997255823,0.9213421454167219,0.7487587900679022,0.605255294397169,0.7249288797227481,0.5927660757504597
musa-acuminata-ripe-6ae370d7-2653-11ec-af28-d8c4975e38aa_jpg.rf.27d7f66a606f104211c8ec556d6a9adb.jpg,ripe,1932.218778962002,3113.3467847292786,2257.6450996292865,2957.0375961678037,0.9702854430695107,0.9521215085545892,0.9652808861127966,0.9545253037835972,7.577328544949028,12.20920307736972,8.853510194624652,11.596225867324721,0.3437869820858984,0.378944478584718,0.3565538409219456,0.3739884941653334,0.8543353348742874,0.8415467708096964,0.8496531728476965,0.8437261941567633,0.9243026208305846,0.9173585835482745,0.9217663331060082,0.9185456951925491,0.7456616951208843,0.5757885564704367,0.702825770088612,0.5970865843168154
musa-acuminata-ripe-6b000aca-2653-11ec-8d0e-d8c4975e38aa_jpg.rf.b8ef34535afb4583dabaaa416c9ba56b.jpg,ripe,1780.051841983318,2842.259834518798,1853.1221037998146,2504.722601248367,0.9726255368316779,0.9562904094590041,0.9715018284409341,0.9614812136491808,6.98059545875811,11.146116998112934,7.267145505097312,9.822441573523008,0.30634917964421415,0.33628261313964913,0.3092752355475335,0.32546854737107667,0.8745467015903495,0.8634747212064244,0.8734857623979915,0.8682387606927771,0.9351720171125468,0.929233405128348,0.9346046021703464,0.9317933036316461,0.7230042097829925,0.5385591508954625,0.7116336673999837,0.5933583165569206
musa-acuminata-ripe-6b74d45b-2653-11ec-bebb-d8c4975e38aa_jpg.rf.f3bc6e7f90f3aa84a14900b36aead3d9.jpg,ripe,1132.9657089898055,2226.084482508347,1758.20609360519,2223.0640150965305,0.982576727632181,0.9657662399269777,0.9729614908866424,0.9658126900763305,4.443002780352178,8.729743068660182,6.894925857275255,8.717898098417766,0.2511263494321768,0.286475255282554,0.2777364345321057,0.28637397503279577,0.8992081644420057,0.8874816394452724,0.8900203035309057,0.8875249120422949,0.948265872233102,0.9420624392497943,0.9434088739941477,0.9420854059172634,0.7917634770930305,0.5691419084031943,0.6768457151164451,0.569726519110924
musa-acuminata-ripe-6b87e5a5-2653-11ec-b674-d8c4975e38aa_jpg.rf.12a0ae3e363dca3cf9dd6d6a940671f9.jpg,ripe,1509.6165430954588,2702.563216722311,2185.328139481001,2865.6684569603717,0.9767844163396878,0.9584387288665717,0.9663930098809553,0.9559304208015198,5.920064874884152,10.598287124401221,8.569914272474513,11.237915517491654,0.32099101528958207,0.3604155874020088,0.34890414835534966,0.3658191286886282,0.8633250793864844,0.8501552182935422,0.8535239977429502,0.847861666812865,0.9291528826767339,0.9220386208253656,0.9238636250783717,0.9207940414733715,0.7963477528850701,0.6221997034144602,0.7051920314968008,0.599398679647353
musa-acuminata-ripe-6bc11957-2653-11ec-bfdd-d8c4975e38aa_jpg.rf.e954f7e4cd245c2948d6460a5cde9353.jpg,ripe,1167.6175857275255,2053.1627231818843,1633.9113183503243,2322.7394396864565,0.9820438349932715,0.9684255109774261,0.9748729536131651,0.9642798351476878,4.5788924930491195,8.051618522281899,6.407495366079703,9.108782116417478,0.24803653097746955,0.2753898944996168,0.26797303763906927,0.284404649113028,0.9012774686066931,0.8925685876160684,0.8944154310485328,0.8887018384320844,0.9493563443758583,0.944758481103011,0.9457353916654133,0.9427098378780633,0.778557553419587,0.5891532750424479,0.6901234408819898,0.5352098102355901
musa-acuminata-ripe-6bc11958-2653-11ec-b4ba-d8c4975e38aa_jpg.rf.a8796287e8c7b302c9359a18d6dd0f16.jpg,ripe,1155.5647590361446,2039.5706198287123,1630.8981116774792,2323.494556539411,0.9822291889546313,0.9686345366495139,0.974919292103505,0.9642682226103495,4.531626506024097,7.998316156191029,6.395678869323447,9.111743358978082,0.24701656391298582,0.27440639976948833,0.2673719812602206,0.2839059470289712,0.9017107347861182,0.8930208914554731,0.8947139753361847,0.8889474869032975,0.9495845063953593,0.9449978261644167,0.9458932156095553,0.9428401173599358,0.7801533262382361,0.5905067862241781,0.6897209591302353,0.5335021774201392
musa-acuminata-ripe-6be01573-2653-11ec-97b1-d8c4975e38aa_jpg.rf.347ff3dac1cd28d99d5b29229fd59f43.jpg,ripe,1183.4369207599627,2136.2255770068223,1643.7042400370717,2328.7803745100887,0.9818005579189868,0.967148131870224,0.9747223535195604,0.9641869348489821,4.640929101019462,8.377355203948323,6.445898980537536,9.132472056902309,0.2505813302915725,0.28024921532470054,0.270241675175394,0.286639437571645,0.9000468123518885,0.8903698797772471,0.8932762482837534,0.8876119738665006,0.9487079700054641,0.9435941287318649,0.9451329262509869,0.9421316117541649,0.7782811784831362,0.5780422740451913,0.6920493516551259,0.5400079085031353
musa-acuminata-ripe-6be4d9d0-2653-11ec-9627-d8c4975e38aa_jpg.rf.0d8517b4a5df9dfa3fd4af1f2ac95439.jpg,ripe,882.1162534754403,1871.934678472928,1381.5552594995368,1754.1364494121062,0.9864344069529813,0.971212519938595,0.9787538021791355,0.9730240757633545,3.4592794253938837,7.3409203077369725,5.4178637627432815,6.87896646828277,0.21414779370875558,0.24661420031683345,0.23669304337127461,0.2424558732928429,0.9165014054086527,0.9062408103649517,0.9090880663480543,0.90795137242213,0.9573407989888725,0.9519668115879627,0.9534610984974973,0.9528648237930342,0.8065257250108983,0.5624936503566355,0.6969839279846177,0.5900253125366938
musa-acuminata-ripe-6c2c5a4e-2653-11ec-b142-d8c4975e38aa_jpg.rf.8649024e98575c4f386d21b1e2a73d66.jpg,ripe,1080.9878938832255,2225.3293656553924,1792.85797034291,2371.066918275512,0.9833760665905451,0.9657778524643159,0.9724285982477331,0.9635366327580428,4.239168211306767,8.726781826099579,7.030815569972196,9.298301640296124,0.2555217926954959,0.2940636004543984,0.2862519112337875,0.2989433161098522,0.896151821363661,0.8836353485998798,0.8856880265769715,0.8815525210679072,0.9466529571937443,0.9400188022586994,0.9411099970656839,0.9389102838226383,0.8100100348234053,0.589228518751752,0.6848946919022334,0.5623269592400753
musa-acuminata-ripe-6c5c057a-2653-11ec-a1b9-d8c4975e38aa_jpg.rf.3ccab1954c38f585ad2713ab0239ab3a.jpg,ripe,1288.899154309546,2362.760632893018,1854.6287071362376,2456.395122659312,0.9801787107570887,0.963664370668763,0.9714786591957643,0.9622244160388258,5.054506487488416,9.265727972129481,7.273053753475441,9.63292204964436,0.2781806889946619,0.31300430726224676,0.30211823764245693,0.3161514057833111,0.8857485683671811,0.8742936907186414,0.8774689793205404,0.8729604340111399,0.9411421616138452,0.9350367322830914,0.9367331419996521,0.9343235167816016,0.7909615826402748,0.5993382738354134,0.6992094777675962,0.5834603402961328
musa-acuminata-ripe-6c5c057b-2653-11ec-a4a9-d8c4975e38aa_jpg.rf.6357effff7c79d49859efec65dc4df4d.jpg,ripe,1301.7052826691381,2389.1897227464074,1859.1485171455051,2473.762810277254,0.979981772173144,0.9632579318619259,0.9714091514602543,0.9619573276800473,5.104726598702503,9.369371461750617,7.290778498609824,9.701030628538252,0.279423573263178,0.3146234365269583,0.302976396984496,0.3174548424845856,0.8851841302214275,0.8735387870464276,0.8770280976645944,0.8723354312007795,0.9408422451300895,0.9346329691629905,0.9364977830537531,0.9339889888006065,0.789717013725146,0.5965389515710744,0.6996652719176276,0.5822571445470416
musa-acuminata-ripe-6c7b017d-2653-11ec-a138-d8c4975e38aa_jpg.rf.cc6b8496fc84cf2257aea98b3940bfc4.jpg,ripe,1090.0275139017608,2334.8213093337204,1929.9588739573678,2358.985048628248,0.9832370511195252,0.9640940345502764,0.9703201969372656,0.9637224333554539,4.274617701575533,9.156161997387139,7.568466172381835,9.250921759326463,0.26621232525682353,0.30917394454338226,0.3022756593879963,0.3099938971825851,0.8901877275892621,0.8761961866792548,0.8778914833247584,0.8758514040814886,0.9434976033828926,0.9360535169952917,0.9369586347991882,0.9358693306661399,0.8203879358205066,0.5973999655988916,0.6819148866549842,0.5932333416982335
musa-acuminata-ripe-6c8e12b1-2653-11ec-9802-d8c4975e38aa_jpg.rf.83ff847a2a1f16cda50a01c07b9cff37.jpg,ripe,1930.7121756255792,2793.177239076789,2023.36828081557,2839.994483959936,0.9703086123146807,0.9570452243859873,0.9688837037367273,0.9563252470710187,7.571420296570898,10.953636231673684,7.934777571825765,11.137233270431121,0.32049660311085704,0.3436213473018951,0.32410792823780427,0.3450996156652226,0.8677781508376488,0.8595458047325357,0.8664398684019246,0.8588881895590028,0.9315461077357624,0.9271169315315818,0.9308275180729911,0.9267622076665636,0.7128770728697503,0.5676088431021697,0.6990978609942058,0.5603614108967993
musa-acuminata-ripe-6cdcb9f2-2653-11ec-bfd3-d8c4975e38aa_jpg.rf.5869d985c984c24ebe2588eb34b12c40.jpg,ripe,900.1954935125116,2036.5501524168965,1816.2103220574604,2306.8819857744234,0.9861563760109416,0.9686809867988666,0.9720694749475985,0.9645236984317901,3.530178405931418,7.986471185948614,7.122393419833179,9.046596022644799,0.24382499200380936,0.28441336725168653,0.2842459495435282,0.2937149232035585,0.900406248711607,0.8879186966264568,0.8869076174144787,0.8840390402517613,0.9488973857649767,0.942294378963632,0.9417577275576127,0.9402335030468555,0.8389157017428969,0.6168527898125495,0.675000633390899,0.5659937978781384
musa-acuminata-ripe-6cdf1c33-2653-11ec-b5b5-d8c4975e38aa_jpg.rf.8e1edce4382aee1a0b96dc6a657f44dd.jpg,ripe,1504.3434314179797,2478.2935113949775,1884.0074721964784,2578.7240528378575,0.9768655086977827,0.9618876524560179,0.9710268589149498,0.9603431849900369,5.899386005560705,9.718798083901873,7.388264596848934,10.112643344462187,0.2978966650492008,0.3279520867581932,0.31366267140294424,0.33130887996724623,0.8768000822934212,0.8668282282637011,0.8712655902939125,0.8654038526815984,0.9363760368000781,0.9310361047047,0.9334160863697992,0.9302708490980454,0.7700320081348999,0.605094109919084,0.7119930156962366,0.5890909157140986
musa-acuminata-ripe-6cf6f1a1-2653-11ec-b872-d8c4975e38aa_jpg.rf.3ce0af61ffc17dd8bb5345048dbd593c.jpg,ripe,1232.401529193698,2365.0259834518797,2004.5357391102873,2657.2562055450717,0.9810475574509627,0.9636295330567484,0.9691733193013519,0.9591354811068639,4.832947173308619,9.274611699811294,7.860924467099166,10.420612570764987,0.28899389690001537,0.3278023905315933,0.3219296426253663,0.3376883572217892,0.8788103612138725,0.8664295417614964,0.8675270477987375,0.862282529413546,0.9374488579191254,0.9308219710350075,0.931411320415818,0.9285916914411554,0.8152684946167208,0.6308345180862998,0.6995290123319649,0.5852192430222505
musa-acuminata-ripe-6cfe1804-2653-11ec-9d86-d8c4975e38aa_jpg.rf.9e7ea20a71b1851cd1e762eace00c661.jpg,ripe,1224.8685125115849,2631.5822325446366,1978.9234823911029,2355.209464363478,0.9811634036768125,0.9595303073763628,0.9695671964692416,0.963780496042145,4.80340593141798,10.319930323704456,7.760484244670992,9.236115546523443,0.2837662017073276,0.33141457007842734,0.31585071951341287,0.3221283950829555,0.8817671282862611,0.8655119687693965,0.870742098486804,0.8694362692182052,0.9390245621315031,0.9303289572884402,0.9331356270590058,0.9324356649218246,0.8111605785106355,0.576916241130297,0.6949070355150304,0.6213491409140306
musa-acuminata-ripe-6d1f763d-2653-11ec-8425-d8c4975e38aa_jpg.rf.6c5b274c4838f5b5307264b12305e1d2.jpg,ripe,1431.273169601483,2683.685295398461,2241.0724629286374,2858.8724052837856,0.9779892170885265,0.9587290423000268,0.9655357478096664,0.9560349336375636,5.612835959221502,10.524256060386122,8.788519462465246,11.211264334446218,0.3007381807298595,0.34142903118681,0.3335497210260153,0.34703671947640286,0.874360479340725,0.860381258612162,0.8626101502905112,0.8579167506916227,0.9350724460386612,0.9275673876393897,0.9287680820799729,0.9262379557606256,0.7885840871373305,0.5874923649166118,0.6689671890702938,0.5605644607693563
musa-acuminata-ripe-6d3c0ff8-2653-11ec-a501-d8c4975e38aa_jpg.rf.58cc589a57d2aa2cc15d024c2827e32c.jpg,ripe,1564.6075648748842,2605.153142691247,1977.4168790546803,2639.8885179271306,0.9759387388909839,0.9599367461831999,0.9695903657144115,0.9594025694656426,6.13571594068582,10.216286834083322,7.754575996292863,10.3525039918711,0.31153041327504005,0.3441941107573966,0.32860632019562186,0.3453576657277908,0.8695439063813893,0.8586086331035605,0.8635412477823534,0.8581175365559183,0.932493381414254,0.9266113711279181,0.9292692009220759,0.9263463372604861,0.7750690768640522,0.6107757328691862,0.715722834264871,0.6055860759741087
musa-acuminata-ripe-6d6bbb1b-2653-11ec-a0a8-d8c4975e38aa_jpg.rf.5c8e793cfb54194d1b6d6db9c1d786e6.jpg,ripe,2276.477641334569,3308.922049644361,2558.2124652455977,3598.1318043257365,0.964991270548172,0.9491138613839947,0.960658621701387,0.944666259583463,8.927363299351251,12.97616490056612,10.032205746061168,14.110320801277398,0.3913550448151002,0.421679141960994,0.4021493406574483,0.43070614747264896,0.8290436317523605,0.8183409886413807,0.8250330590917172,0.8143657566983881,0.9105183313653605,0.9046220142365433,0.9083133044779853,0.9024221610191031,0.7447797172973051,0.6184288953097505,0.7131938848251649,0.5850784313443546
musa-acuminata-ripe-920662f1-1d0a-11ec-893b-d8c4975e38aa_jpg.rf.7f5d913588c77ce1082601998c86f039.jpg,ripe,1437.2995829471731,2402.781826099579,1903.5933155699722,2614.969661779649,0.9778965401078465,0.9630489061898382,0.9707256587277401,0.9597857831978032,5.636468952734012,9.422673827841486,7.465071825764597,10.254782987371172,0.2906095111240379,0.3206621523119949,0.3099783191502571,0.32771718755469414,0.8802733074192758,0.8704098750733301,0.8734707512099086,0.8673985095427206,0.9382288139996958,0.932957595538688,0.9345965713664418,0.9313423159841502,0.7747072829542226,0.6069134715291666,0.7016170356526837,0.5722002991532068
musa-acuminata-ripe-920662f2-1d0a-11ec-9bb1-d8c4975e38aa_jpg.rf.9fb2edea458f7266445edc0341fbd250.jpg,ripe,1461.4052363299354,2403.536942952533,1902.0867122335499,2620.2554797503267,0.977525832185127,0.9630372936525,0.9707488279729102,0.9597044954364359,5.73100092678406,9.425635070402091,7.45916357738647,10.275511685295397,0.29203433443134685,0.32108305096753487,0.31029285292346115,0.3282896270323796,0.8797114225732688,0.8701898618958727,0.873284867767391,0.8671145063728657,0.9379293270674869,0.9328396764159813,0.9344971202563392,0.9311898336928222,0.7714126964825931,0.6076633043003471,0.7024830199064674,0.5722876738681132
musa-acuminata-ripe-924de3ab-1d0a-11ec-b392-d8c4975e38aa_jpg.rf.fa51a07d000e059166beec7e0777d095.jpg,ripe,1077.2213855421687,2332.5559587748585,1740.88015523633,2171.71606909566,0.9834339897034698,0.964128872162291,0.9732279372060971,0.9666023426153283,4.224397590361446,9.147278269705327,6.826981000926784,8.516533604296706,0.23832547910882879,0.27848917238131315,0.2664105976562494,0.273300909171531,0.9056259236167598,0.8915903771985527,0.8958620384170889,0.8938925461269478,0.9516438008082435,0.9442406352188794,0.9464998882287778,0.9454589076881913,0.7878357176170638,0.5140966447546629,0.6571247156734505,0.5476017967997445
musa-acuminata-ripe-926f41c4-1d0a-11ec-b20e-d8c4975e38aa_jpg.rf.43144e588cd7f10837585b46dba52775.jpg,ripe,1267.8067075996291,2580.2342865437654,1987.9631024096386,2491.8856147481492,0.9805030801894683,0.9603199599153606,0.9694281809982217,0.9616786267839302,4.971791010194624,10.118565829583394,7.795933734939759,9.772100449992742,0.2717303780259625,0.314064316222859,0.3015246784152909,0.31123011659034105,0.8891738713113307,0.8743405090626785,0.8786533250928074,0.8755932156301947,0.9429601642229277,0.9350617675120069,0.9373650970101284,0.9357313800606425,0.7874013576947165,0.5467834173902852,0.6666382548760291,0.5623018078396083
musa-acuminata-ripe-9271a3f8-1d0a-11ec-990f-d8c4975e38aa_jpg.rf.f0951a4ada46066d9ac41c98478a421c.jpg,ripe,1293.4189643188136,2587.0303382203515,1982.6899907321595,2500.1919001306433,0.9801092030215788,0.9602154470793167,0.9695092733563166,0.96155088887321,5.072231232622799,10.145217012628828,7.775254865616311,9.804674118159385,0.2738601503787439,0.3153593653032707,0.30233358656721776,0.312571698819742,0.8882513169389972,0.8736960335701721,0.8781852812932418,0.8749270161833158,0.9424708573420173,0.9347170874495513,0.937115404469077,0.9353753343889905,0.784385852457103,0.5484175406031584,0.6694837295673238,0.5635757375764908
musa-acuminata-ripe-929a28a6-1d0a-11ec-8b22-d8c4975e38aa_jpg.rf.b553cff5697538da1dba1437b5f41aed.jpg,ripe,1664.796686746988,2570.4177674553634,1817.7169253938832,2552.294962984468,0.9743979840871807,0.9604709229007571,0.9720463057024286,0.960749623796874,6.528614457831325,10.080069676295544,7.128301668211307,10.00899985484105,0.2921994467568188,0.3173880054788153,0.29835264450854826,0.31680528527688834,0.8815036288260978,0.872625317090337,0.8792778639554655,0.8728820656929687,0.9388842467663934,0.934144162905457,0.9376981731641933,0.934281577305776,0.7263221640501116,0.5578710568056414,0.7011834307026786,0.5609882996483747
musa-acuminata-ripe-92bb86e0-1d0a-11ec-89b6-d8c4975e38aa_jpg.rf.d53df668ac471f95f3e358cb3face832.jpg,ripe,1490.7840013901762,2803.748875018145,2158.2092794253945,2673.1136594571053,0.9770740319043125,0.9568826488632525,0.966810056294015,0.9588916178227616,5.846211770157553,10.995093627522138,8.463565801668214,10.482798664537668,0.31485501919162445,0.35797174597806136,0.34238378936251845,0.35364835909496994,0.8667530049486104,0.8519064080332721,0.8570648615573366,0.8537461957998893,0.9309957061923596,0.9229877615836908,0.9257779763838285,0.9239838720453346,0.7931701588682182,0.596404560299328,0.70057226132261,0.6152093033826075
musa-acuminata-ripe-9351af31-1d0a-11ec-a9af-d8c4975e38aa_jpg.rf.d3ec4853e837c9d57976117a78d070b5.jpg,ripe,839.1780583873957,2126.4090579184203,1730.3339318813717,2131.6948758890985,0.9870947304403255,0.9672990948556205,0.9733901219222869,0.9672178070942531,3.2908943466172382,8.338859050660473,6.785623262279889,8.359587748584701,0.22784788969262756,0.27314387853153443,0.26725604087122246,0.273321412546663,0.9085192933636592,0.8938787988559477,0.8953666639762514,0.8938028329826503,0.9531627842942983,0.9454516375023884,0.9462381645105271,0.9454114622653198,0.8361039535346937,0.5609911378623477,0.6620107131981198,0.5598998516283407
musa-acuminata-ripe-935b374e-1d0a-11ec-a08a-d8c4975e38aa_jpg.rf.19e782879f754a77302f4366e612e3f4.jpg,ripe,1153.3048540315106,2392.965307011177,1783.8183503243745,2241.9419364203804,0.9822639428223863,0.9631998691752348,0.9725676137187529,0.9655223766428754,4.522764133456905,9.384177674553635,6.995366079703429,8.791929162432863,0.26888256530934884,0.310732355861322,0.29623145444072874,0.305573124122088,0.8894571593478068,0.875577571553785,0.880198662690972,0.8777345665304931,0.9431103643518116,0.9357230207458749,0.9381890335593206,0.9368748937454205,0.8095347649620451,0.5863975986291796,0.7054071348335225,0.612500621751352
musa-acuminata-ripe-9369844b-1d0a-11ec-8701-d8c4975e38aa_jpg.rf.d50cff7045ac6b434247e7ef45cc7e64.jpg,ripe,1336.3571594068583,2548.141820293221,1952.934574837813,2495.283640586442,0.9794488795342347,0.9608134927522342,0.9699668659484234,0.9616263703659084,5.240616311399444,9.99271302075773,7.658566960148286,9.785426041515459,0.3176546499197769,0.362144090450193,0.34587342820109546,0.36026841144018873,0.8630890004195867,0.8483946122072038,0.8533008890522613,0.849144453483721,0.9290258340969786,0.9210833904740676,0.9237428695542181,0.9214903436736172,0.8240186862454697,0.6561143821309305,0.7445417503087276,0.6632478813903275
musa-acuminata-ripe-938159d3-1d0a-11ec-9d7d-d8c4975e38aa_jpg.rf.166ceca51b588627a93012c22327dfd7.jpg,ripe,1374.7755444856348,2218.533313978807,1581.1802015755331,2309.9024531862387,0.9788580637824005,0.9658823653003598,0.9756838771941142,0.9644772482824372,5.391276645041705,8.700130643054145,6.200706672845229,9.058440992887212,0.2690430266973778,0.2938934821366248,0.277820498949237,0.29698131789084214,0.8917728139915834,0.8837009175440488,0.8887428753878064,0.8823936348190657,0.9443372353092847,0.940053678012085,0.9427316030492487,0.9393580972233463,0.7584622685712871,0.5906392597114751,0.7221985214965105,0.5737799508023834
musa-acuminata-ripe-93fae9ae-1d0a-11ec-b489-d8c4975e38aa_jpg.rf.158dead918a088ef46e96899b40bd2f2.jpg,ripe,1488.5240963855422,2833.1984322833505,2138.6234360518997,2657.2562055450717,0.9771087857720675,0.9564297599070625,0.9671112564812244,0.9591354811068638,5.837349397590361,11.110582087385687,8.386758572752548,10.420612570764987,0.30981177804778703,0.3534676201530527,0.33651527510239965,0.3477155322309308,0.8697044064008226,0.8544330683422195,0.8602644022747439,0.8569103672083133,0.9325794370458865,0.9243554880792452,0.9275043947468625,0.9256945323422372,0.7878997533706322,0.5806232966185276,0.6952669027425227,0.6066666793178569
musa-acuminata-ripe-94047073-1d0a-11ec-b233-d8c4975e38aa_jpg.rf.ee5f00f0fe7eec4fb972686251fdd652.jpg,ripe,1714.5145968489344,2902.6691827551167,2286.2705630213163,3117.1223689940484,0.9736333989965718,0.955361406471948,0.9648406704545672,0.9520634458678983,6.723586654309547,11.383016402961243,8.965766913809084,12.22400929017274,0.3322319982057361,0.36952871954218536,0.3550855219325084,0.3763286133137548,0.858967492823651,0.8459700365379551,0.8507156265058093,0.8429773437960437,0.9268049917990575,0.9197662945215785,0.9223424670402037,0.9181379764480084,0.77143860968021,0.599228425932543,0.6952180054391202,0.5696188715529492
musa-acuminata-ripe-942a92ef-1d0a-11ec-a820-d8c4975e38aa_jpg.rf.059984dfa79331f6d330aa4a7bcd20ff.jpg,ripe,1538.9953081556996,2513.028886630861,1916.3994439295645,2626.2964145739584,0.9763326160588733,0.9613534757384605,0.9705287201437953,0.9596115951377301,6.035275718257646,9.855015241689651,7.515291936978684,10.29920162578023,0.3038391304683216,0.3339429289219693,0.3194754318703541,0.33772950961596276,0.8737387827938975,0.8637624758448575,0.8682432183821905,0.8621582421004738,0.9347399546365275,0.9293882266549633,0.9317956956233434,0.9285247665520149,0.7705582677837576,0.6099560321182035,0.7142928209700828,0.5923759253927621
musa-acuminata-ripe-942f5747-1d0a-11ec-89b7-d8c4975e38aa_jpg.rf.39671b4b4e1fb8c29ff81418b330bf6d.jpg,ripe,1520.1627664504172,2575.703585426041,1874.2145505097312,2469.987226012484,0.976622231623498,0.9603896351393898,0.9711774590085545,0.9620153903667382,5.961422613531047,10.10079837421977,7.349860982391103,9.68622441573523,0.2962128463059865,0.32861371491105684,0.3108526472254377,0.3250946718392334,0.877925640503126,0.8668143606344607,0.8727650117114927,0.8683139865483231,0.9369768623093775,0.9310286572573696,0.9342189313600386,0.9318336689282714,0.7644349481792414,0.5836721058786012,0.7095709371010668,0.6007597356578435
musa-acuminata-ripe-94341b87-1d0a-11ec-8ea1-d8c4975e38aa_jpg.rf.fd983b0315cdaea5247f2d8939d5e7c2.jpg,ripe,1067.4284638554218,2297.0654666860214,1881.7475671918442,2268.37102627377,0.9835845897970746,0.9646746614171866,0.9710616127827046,0.9651159378360383,4.185993975903615,9.008099869356947,7.379402224281742,8.895572652054,0.26292538323131054,0.3054563273160127,0.2981565541267671,0.3044716814013218,0.8917784420547379,0.8779995758889152,0.879823254485111,0.8784098763881679,0.9443402152056948,0.9370163157004873,0.9379889415580074,0.9372352300186799,0.821714940924227,0.5982154985091742,0.6857049558424269,0.6032345028013015
musa-acuminata-ripe-94688b2d-1d0a-11ec-bd61-d8c4975e38aa_jpg.rf.a2af46d9665b9ab87eb8c9b1eab5a098.jpg,ripe,1261.0269925857276,2384.659021628683,2018.848470806302,2680.6648279866454,0.9806073417927332,0.9633276070859551,0.9689532114722372,0.9587754924493794,4.9452038924930495,9.351604006386994,7.91705282669138,10.512411090143706,0.29118676589726483,0.32941221109156305,0.3233645183571354,0.3393938605935719,0.8778914261523172,0.865650337659438,0.8668249625721821,0.8614527595445275,0.9369586042896011,0.9304033198884438,0.9310343509088063,0.92814479449304,0.8118863530482461,0.6296469383189593,0.6988383668872757,0.5836753106498751
musa-acuminata-ripe-946d4f4d-1d0a-11ec-b95a-d8c4975e38aa_jpg.rf.5a4d86b7a70b11ab081b9e1119abf317.jpg,ripe,997.3714087117702,2519.8249383074467,1951.8046223354959,2187.5735230076934,0.9846619596974784,0.9612489629024168,0.9699842428823009,0.9663584793312261,3.911260426320667,9.881666424735085,7.654135773864689,8.578719698069387,0.26879383765177634,0.3233810458705208,0.3105757832099306,0.31193111975178156,0.8874193232436413,0.8693847403830405,0.8734798553172195,0.8741244330493698,0.9420293643213259,0.9324080332038331,0.9346014419618769,0.9349462193352994,0.8426482984530439,0.5849461572346183,0.6918407706189122,0.6396730648812373
musa-acuminata-ripe-947dfe72-1d0a-11ec-b341-d8c4975e38aa_jpg.rf.890d863ae0fb818bf035ce2e8d3eb7e0.jpg,ripe,1561.5943582020388,2626.2964145739584,1974.403672381835,2651.21527072144,0.9759850773813238,0.9596115951377302,0.9696367042047515,0.9592283814055694,6.123899443929564,10.29920162578023,7.742759499536608,10.396922630280157,0.30823790273879703,0.34146026874072555,0.32525267626283894,0.34228619245021447,0.871428684412205,0.8601641937058836,0.8654254374470148,0.8598120766724975,0.9335034463847496,0.9274503726377404,0.9302824503595748,0.9272605225461168,0.7715717496885048,0.600417454701722,0.7111864717479842,0.5966261309539237
musa-acuminata-ripe-94d3cc13-1d0a-11ec-8268-d8c4975e38aa_jpg.rf.40e0de119dd1a9a64a381602c58220f5.jpg,ripe,2106.9847659870247,3316.4732181739005,2384.199779888786,3204.7159239367106,0.9675978106297939,0.9489977360106128,0.963334669518519,0.9507163915366666,8.262685356811863,13.005777326172158,9.349803058387396,12.567513427202787,0.35707418839784977,0.392057696576973,0.36768865522255784,0.38863185858447624,0.8481017583290317,0.8349908014318501,0.8441330052959397,0.8365371212184265,0.920924404242298,0.9137783108784374,0.9187671115663314,0.9146240327142221,0.7311994984894248,0.5626090489734457,0.6958335404787377,0.5773480883067632
musa-acuminata-ripe-9505d963-1d0a-11ec-993c-d8c4975e38aa_jpg.rf.c0dbd6289a585fd57ce6f75ea6afc54c.jpg,ripe,2285.5172613531045,3597.376687472783,2536.36671686747,3330.0653215270722,0.9648522550771521,0.9446778721208011,0.9609945757563518,0.9487887103385251,8.962812789620017,14.107359558716796,9.946536144578314,13.059079692263028,0.38613879832488573,0.42461370197177406,0.3956951349727197,0.416374559958161,0.8323170905980807,0.817804852084843,0.8287454198969544,0.8214777984075755,0.9123141403037008,0.9043256338757865,0.9103545572451177,0.9063541241741969,0.7372484216317495,0.5742185334146981,0.7084098337620633,0.6058572066244372
musa-acuminata-ripe-951db00f-1d0a-11ec-a310-d8c4975e38aa_jpg.rf.f17d9a89f5c43e04f3e163f2270b7690.jpg,ripe,1930.7121756255792,3412.3730584990562,2502.468141797961,3099.7546813761064,0.9703086123146807,0.9475229437686609,0.9615158837726763,0.952330534226677,7.571420296570898,13.381855131368848,9.813600556070435,12.15590071127885,0.35963369368171605,0.4056102970835543,0.3819637031447647,0.3958180465518466,0.8448434470263244,0.8278236402337116,0.8366500504003253,0.8321498263539497,0.9191536580062794,0.9098481413036527,0.9146857659329379,0.9122224653854726,0.7649963557163225,0.5714428336363423,0.6954030018297396,0.6107043222122561
musa-acuminata-ripe-70d67260-2653-11ec-a83f-d8c4975e38aa_jpg.rf.2519277f38d36ee796bf1d9d02aff274.jpg,rotten,3658.786202502317,4948.280737407461,3666.31921918443,5079.671069821455,0.9437334881047224,0.923903042822756,0.9436176418788726,0.9218824613259089,14.348181186283597,19.405022499637102,14.377722428174236,19.920278705182174,0.5661569849507568,0.6035447044365715,0.5664252644545005,0.6074386986441036,0.7292879987772075,0.7152628605803395,0.7291852011176165,0.7135538605506082,0.8539836056840948,0.8457321447008737,0.8539234164242228,0.8447211732581398,0.7414309486597347,0.6451142572517964,0.7408985849551015,0.6356910740932143
musa-acuminata-ripe-7122b75f-2653-11ec-8737-d8c4975e38aa_jpg.rf.fcf0125fa6cf9f6f16592e79013f9e39.jpg,rotten,2824.8812557924007,4128.223835099434,3041.0788345690453,4153.8978080998695,0.9565576653063022,0.9365142583720445,0.9532328786244111,0.9361194321025457,11.077965708989806,16.189113078821308,11.925799351251158,16.28979532588184,0.45497764210572494,0.4927881262722529,0.4629057170982403,0.493554929079017,0.794573998813927,0.7802787673335515,0.7915490974243091,0.779934224103714,0.8913888033927322,0.8833338934590654,0.8896904503389418,0.8831388475793113,0.7348939700263725,0.6038643057998655,0.7146045218657245,0.6014006852396305
musa-acuminata-ripe-72110efa-2653-11ec-b45f-d8c4975e38aa_jpg.rf.8a0fbf49d0ed3de64ada7e0df9c18217.jpg,rotten,3016.2198795180725,4443.8626796342,3326.5801668211307,4412.147771810132,0.9536151711697156,0.9316602177646757,0.9488423066647014,0.9321479443328802,11.828313253012048,17.426912469153724,13.045412418906395,17.302540281608362,0.4487875389181315,0.48763714147275067,0.4595488298078492,0.48675562262273675,0.8002006919100083,0.7844338552811423,0.7958933255657548,0.7848551629291732,0.8945393741529818,0.8856827057593155,0.892128536459716,0.8859205172752086,0.7018260692468379,0.5500807674403151,0.6711448356128961,0.5532917458205202
musa-acuminata-ripe-72b0bf57-2653-11ec-92d6-d8c4975e38aa_jpg.rf.232ccec5cd592190d1f63604096f4efc.jpg,rotten,3744.6625926784063,5156.6929888227605,3548.804158943466,5151.407170852082,0.942412841130034,0.9206979825174121,0.9454248430021304,0.9207792702787796,14.684951343836886,20.22232544636377,13.91687905468026,20.20159674843954,0.5182900407523573,0.5551859849154599,0.5116505630267515,0.5550436973613717,0.7620503673369602,0.7467581976024815,0.7647245720334106,0.7468266002583616,0.8729549629488111,0.8641517214022556,0.8744853183635564,0.8641912984162485,0.6864727753797993,0.5599827618451673,0.7028713025174484,0.5604337972335233
musa-acuminata-ripe-73068cd6-2653-11ec-afad-d8c4975e38aa_jpg.rf.5380df8ab7a2f8ff352c73d0d23162a9.jpg,rotten,3613.588102409639,5121.957613586878,3574.4164156626507,5087.222238350994,0.9444285654598216,0.9212321592349695,0.9450309658342411,0.9217663359525268,14.170933734939759,20.086108288575993,14.017319277108435,19.949891130788213,0.5200282915388659,0.5609032927303249,0.5186807623459512,0.5599512239506186,0.7598332855643719,0.7431716856228437,0.76036910353505,0.7436220014273156,0.8716841661773901,0.8620740604048145,0.8719914584071624,0.8623352024748355,0.7039029820316322,0.5725202613437197,0.7071127058036473,0.5754192836020403
musa-acuminata-ripe-730db352-2653-11ec-9be8-d8c4975e38aa_jpg.rf.78267e479e86cd5c323f6ff63337fd91.jpg,rotten,3514.9055838739573,4988.301930614022,3528.465013901761,5056.2624473798805,0.9459461510184548,0.9232875783438315,0.945737627811925,0.9222424499833932,13.783943466172381,19.56196835534911,13.837117701575533,19.828480185803453,0.5087763239739875,0.548757217670781,0.5092438047481522,0.5506174664059061,0.7662959545639606,0.750059201698265,0.766110015291078,0.7491755031788842,0.8753833186461578,0.8660595832263881,0.8752771077156526,0.8655492494242509,0.703925600213998,0.5717007957953957,0.7027834357913345,0.5658656567735346
musa-acuminata-ripe-986bcf61-1d0a-11ec-9ba7-d8c4975e38aa_jpg.rf.49c62acc1a4a5f680b85cc8864a36d3f.jpg,rotten,5566.899328081557,7312.551604006387,4807.57124652456,7088.2818986790535,0.9143896390969526,0.8875441884168427,0.9260669386626187,0.8909931120062891,21.830977757182577,28.676672956887792,18.853220574606116,27.797183916388445,0.708467329138079,0.7528449497751142,0.6843678190878316,0.7471533883077952,0.6481092118169692,0.6293012812147316,0.6579235973264986,0.6319864264224602,0.805052303777195,0.7932851197487141,0.8111248962561183,0.7949757395181694,0.6871015086944277,0.584855761946945,0.7297810322716964,0.5975878807719922
musa-acuminata-ripe-997de482-1d0a-11ec-aa5d-d8c4975e38aa_jpg.rf.b4f6f095f8df093ecd0a2d87395f3a0a.jpg,rotten,3053.8849629286383,4436.31151110466,3380.0645852641333,4481.6185222818995,0.9530359400404664,0.9317763431380577,0.9480197984611674,0.9310795908977655,11.976019462465247,17.397300043547684,13.255155236329935,17.574974597183918,0.4584936887068672,0.4965080925468204,0.4698358809502332,0.49778155059487794,0.7944456460797208,0.7792637324190209,0.7899257610483998,0.7786625278378475,0.8913168045536451,0.8827591587851247,0.8887776780772567,0.8824185672558389,0.7079218536618589,0.5659071849502241,0.6767255444945142,0.5614738966263115
musa-acuminata-ripe-99f2ae3b-1d0a-11ec-ae0c-d8c4975e38aa_jpg.rf.b2b87d4bcf8c3695d05ebd22f7ccc3ba.jpg,rotten,3670.085727525486,5160.468573087531,3569.8966056533827,5099.304107998258,0.9435597187659477,0.920639919830721,0.9451004735697508,0.9215805353551155,14.392493049119555,20.23713165916679,13.99959453197405,19.997271011757874,0.5130369305248491,0.5523164926114087,0.5096376633307763,0.5506721638360135,0.764838126567008,0.7484949111115836,0.7662073524457137,0.7492871266474008,0.8745502424486589,0.8651560039158162,0.8753327095714598,0.8656137283150036,0.6897241015531869,0.5552543755879513,0.6981942769418211,0.5605257240774708
musa-acuminata-ripe-99f2ae3c-1d0a-11ec-b746-d8c4975e38aa_jpg.rf.1789155905debed854b01298a312f34f.jpg,rotten,3686.6583642261353,5168.01974161707,3586.469242354032,5121.202496733924,0.9433048570690781,0.9205237944573391,0.9448456118728812,0.9212437717723077,14.457483781278963,20.266744084772824,14.06458526413346,20.083147046015387,0.5135799131868,0.5525029068104685,0.5101891921509987,0.551247114654977,0.7646213359846673,0.7484065422710593,0.7659897764804496,0.7490126033915107,0.8744262896234692,0.8651049313644325,0.8752084188811541,0.8654551423335068,0.6883071869097408,0.5545803455213076,0.6967777925781111,0.5586154154479118
musa-acuminata-rotten-81360f06-2653-11ec-989b-d8c4975e38aa_jpg.rf.4579601dbfe83834ba9e075515b6443c.jpg,rotten,1008.6709337349398,1824.3623167368269,1338.6170644114923,1869.669327914066,0.9844881903587035,0.9719441097909017,0.9794141256664797,0.9712473575506095,3.9555722891566263,7.154362026418928,5.249478683966636,7.33203658005516,0.21324627220133027,0.23720579355871035,0.2277170009711501,0.23875161273289902,0.9182825228249563,0.9106288492254078,0.9133915477175688,0.9099716689598016,0.9582705895648453,0.9542687510473178,0.9557152022007229,0.9539243518014422,0.7665467310578289,0.5482218307469728,0.6901818828153562,0.5370021742257884
musa-acuminata-rotten-81cdfa2e-2653-11ec-a0ff-d8c4975e38aa_jpg.rf.4c56964213edfcb5d894c5ffa9611487.jpg,rotten,3028.6493570435587,5046.068369865002,4122.066728452271,5003.781826099579,0.9534240248970633,0.9223992192374588,0.9366089452149561,0.9230495213283981,11.877056302131603,19.788503411235304,16.164967562557923,19.62267382784149,0.42189053033149837,0.4725020485064023,0.45577284512013333,0.47152189118061405,0.8166605487737021,0.7932856404085596,0.8017485190593056,0.7938354444018363,0.9036927291805009,0.8906658410473367,0.8954041093602964,0.8909744353245138,0.6647522402633622,0.4257424874668691,0.543541602456277,0.43055482127934275
musa-acuminata-rotten-81d19d2b-2653-11ec-8ae0-d8c4975e38aa_jpg.rf.e298941cc041d924ead18f889658d7bb.jpg,rotten,3171.400023169602,4884.850921759327,3801.1602177942536,4822.176222964145,0.9512287389172085,0.9248784959591652,0.9415439944361602,0.925842336558236,12.436862835959221,19.15627812454638,14.906510658016682,18.910494992016257,0.4209869084924071,0.46226216376285195,0.440661791763416,0.4607836382055356,0.8180443058637558,0.7987818741080199,0.8093979130636398,0.7996018437820419,0.9044580177452991,0.8937459785129217,0.8996654450759125,0.8942045872070004,0.6402246200309811,0.4297609102627382,0.5687822880466343,0.4370773184321914
musa-acuminata-rotten-83836be7-2653-11ec-a20a-d8c4975e38aa_jpg.rf.6f0cccbc15e953a6442057b7632c12ed.jpg,rotten,2862.546339202966,4101.03962839309,2883.6387859128827,3890.3620264189285,0.9559784341770527,0.9369323097162198,0.9556540647446732,0.9401722076335784,11.225671918443004,16.08250834663957,11.308387395736794,15.256321672231092,0.40567767995959414,0.4371062425305743,0.4064105428169004,0.43126879217308967,0.8251874746750244,0.8120259449043719,0.8248917648520582,0.814867711582127,0.9083983017790294,0.9011248220443003,0.9082355227869355,0.9027002335117273,0.6683279858556915,0.5106520230043329,0.6658840868041018,0.5357906872617056
musa-acuminata-rotten-841870da-2653-11ec-9832-d8c4975e38aa_jpg.rf.97982be26af4b2c5b8caae72075988be.jpg,rotten,1280.6128359592217,2284.2284801858036,1706.2282784986098,2327.2701408041808,0.9803061416055237,0.9648720745519361,0.9737608298450066,0.9642101599236585,5.022011121408712,8.95775874582668,6.691091288229843,9.126549571781101,0.2309481140804054,0.25826408669758083,0.24790504672222677,0.25954545329052975,0.9113506353737114,0.9010850408129695,0.9051058781939264,0.9004700589555201,0.9546468642245212,0.9492549925141134,0.9513705262377674,0.9489310085330335,0.7159894543453295,0.4597324804363464,0.6215977141718656,0.4495522329602709
musa-acuminata-rotten-84fdaab9-2653-11ec-81b6-d8c4975e38aa_jpg.rf.b5d3edfa21c6ae05ae2a3763cdb1faf7.jpg,rotten,2726.95203892493,4040.6302801567717,3055.39156626506,4017.976774568152,0.9580636662423504,0.937861312703276,0.9530127707952962,0.9382096888234221,10.69392956441149,15.845608941791262,11.981927710843374,15.756771664973146,0.3810100585191695,0.41353406424694705,0.3920333967868078,0.4129429559418971,0.8386911247327659,0.8245246663151019,0.8340893090434024,0.8248298725612311,0.9158008106202822,0.9080334059466656,0.9132849002602651,0.9082014493278631,0.6537870996920542,0.46978481424350693,0.6120885293787215,0.4727574278807139
musa-acuminata-rotten-8563e8c8-2653-11ec-8587-d8c4975e38aa_jpg.rf.80d4aeafbd35fa7fc09f09f6be003241.jpg,rotten,2611.696883688601,3763.502395122659,2836.934082483781,3927.362752213674,0.9598361134978531,0.9421231139063966,0.9563723113449423,0.9396031933040065,10.241948563484709,14.758832922049644,11.125231696014827,15.401422557700682,0.3618566451737811,0.38948445318871916,0.369478853333992,0.3937382135193887,0.8489076699835988,0.8369297749745509,0.8457340609273553,0.8347078651012538,0.9213618561583711,0.9148386606252225,0.919638005373503,0.913623481036501,0.6431122928983294,0.46677209052669544,0.6123336876420848,0.4435557068277172
musa-acuminata-rotten-856a40f0-2653-11ec-a781-d8c4975e38aa_jpg.rf.bb628a53c06bfc5a8ec23def9681d554.jpg,rotten,2635.802537071362,3977.2004645086367,2879.8722775718256,3799.7480040644505,0.9594654055751335,0.938836765839685,0.9557119878575981,0.9415657121141627,10.336480537534754,15.596864566700537,11.293616774791474,14.900972564958629,0.3625260275591827,0.39481523689724074,0.37072433776490704,0.3902582072059141,0.8486586605833758,0.83412707813241,0.8452235696099432,0.8365296811237801,0.921226715083413,0.9133055776312822,0.9193604133363276,0.9146199654084641,0.6395242598374961,0.43601396342090926,0.606144968664975,0.4611775705209826
musa-acuminata-rotten-85bc599e-2653-11ec-8958-d8c4975e38aa_jpg.rf.62577c2f65f1c90ac05e9bab65574545.jpg,rotten,2418.0983549582943,3842.7896646828276,2748.0444856348468,3573.968065031209,0.9628133615021947,0.9409037974858853,0.9577392968099706,0.9450378607782854,9.482738646895273,15.06976339091305,10.776645041705283,14.015561039338074,0.3538869109709558,0.39030717861726716,0.36537542903181447,0.38312454168550397,0.8522872010203429,0.836490394373623,0.8476161916459952,0.8401529823358057,0.9231940213304801,0.9145984880665521,0.9206607364528995,0.9165985938980081,0.6676997908892647,0.4523225830235732,0.6223578931975197,0.4906352496464083
musa-acuminata-rotten-86617304-2653-11ec-84a1-d8c4975e38aa_jpg.rf.af89a02b016c1b7ebc6b7aa11f4f9ac8.jpg,rotten,3355.958931881372,4725.521265786036,3545.7909522706213,4807.829002758021,0.9483905063838869,0.927328741337526,0.9454711814924703,0.926062974767662,13.16062326227989,18.531455944258962,13.905062557924005,18.854231383364787,0.4828037072335944,0.5193966909451206,0.4892653378245015,0.5216550311034096,0.7816116791701632,0.7667290936145844,0.7790021711301612,0.7656488851512467,0.8840880494442639,0.8756306833446305,0.8826109964928838,0.8750136485514078,0.6954096841353573,0.5618973839925213,0.678180332934933,0.5542666417194604
musa-acuminata-rotten-881d4a75-2653-11ec-b73a-d8c4975e38aa_jpg.rf.75db6e286c0e134efa9d2668e28170f4.jpg,rotten,4443.726540778499,6258.4084772826245,4620.752432808156,6194.223544781536,0.9316623113711668,0.903755290540974,0.9289399250636952,0.9047423562147212,17.42637859128823,24.5427783422848,18.12059777571826,24.291072724633473,0.5945982604677484,0.6416137300095065,0.6002254997629524,0.6399840191174953,0.7174424433225165,0.6972985621804867,0.7150995213834592,0.6980966118207172,0.8470197419910096,0.8350440480480575,0.8456355724444539,0.8355217602317233,0.6877927194179275,0.553834487486037,0.6753552366349498,0.5584102679594549
musa-acuminata-rotten-88ba0203-2653-11ec-8caa-d8c4975e38aa_jpg.rf.2cc29de023f1f94d70fc85bfab586655.jpg,rotten,4765.386353104727,6580.088256641022,4977.817423540315,6641.252721730295,0.9267156775273778,0.8988083496348995,0.9234488139584118,0.8978677341105051,18.68778962001854,25.804267673102046,19.520852641334567,26.04412832051096,0.5955590406705336,0.63961163281795,0.6019537790297094,0.6410629331526916,0.7192745847938699,0.6994553628308934,0.7164971782045126,0.698705988355551,0.8481005746925714,0.8363344802355654,0.8464615633355791,0.8358863489467638,0.6556308417256159,0.5171883943022794,0.6402795766871436,0.5127004737076598
musa-acuminata-rotten-8b136ca1-2653-11ec-97d6-d8c4975e38aa_jpg.rf.7608acae333e6abbe1b1bff5cb03ad3a.jpg,rotten,4614.349368628359,6732.24430251125,5416.238994439296,6882.512556249094,0.9290383943556676,0.8964684233612517,0.9167065636139499,0.8941575284309493,18.095487720111212,26.400958049063725,21.240152919369788,26.9902453186239,0.6168710494377606,0.6716720206803659,0.641273230844302,0.6753130077139304,0.7037709944148968,0.6799621429675105,0.6933625507546333,0.6781350688070066,0.8389105997750277,0.8245981706064539,0.8326839440956174,0.8234895681227581,0.691871139044749,0.5443559766897319,0.6382905636754683,0.5341856934034616
musa-acuminata-rotten-8b5c8088-2653-11ec-ac51-d8c4975e38aa_jpg.rf.b80f88313536f69ecf801c5114f0978b.jpg,rotten,3011.7000695088045,4310.206996661344,3291.9282900834105,4412.147771810132,0.9536846789052255,0.9337156368735375,0.9493751993036107,0.9321479443328802,11.810588507877664,16.90277253592684,12.909522706209453,17.302540281608362,0.4109503561041657,0.4428332332601832,0.42019071036929073,0.44545974461718574,0.8230115473299771,0.8091352817643929,0.8191197757809594,0.8077778562456941,0.9071998386959607,0.8995194726988365,0.905052360795197,0.8987646278340587,0.6512808892155358,0.48605260454560223,0.6188337883621541,0.4738972264120451
musa-acuminata-rotten-8b61a779-2653-11ec-b0e7-d8c4975e38aa_jpg.rf.42acd81bbcc5efcfe5e75cc4cdff62e4.jpg,rotten,2978.554796107507,4443.8626796342,3325.0735634847083,4320.7786326027,0.9541944022989649,0.9316602177646757,0.9488654759098714,0.9335530613508027,11.680607043558851,17.426912469153724,13.039504170528268,16.944229931775293,0.40843328783544985,0.4447198512563726,0.4198348342759907,0.44157445682153634,0.8242888357629563,0.8081772880924296,0.8194764300840635,0.8098150227607084,0.9079035387985643,0.898986811968023,0.9052493745284023,0.8998972289993499,0.6529906549701282,0.46672195879924966,0.612620321456284,0.48149244660141144
musa-acuminata-rotten-8ba54516-2653-11ec-8817-d8c4975e38aa_jpg.rf.2cafe908df7a2fe87df9957ad26fd12c.jpg,rotten,3587.9758456904538,5123.467847292785,3917.921976367006,5133.284366381187,0.9448224426277112,0.921208934160293,0.9397483779354872,0.9210579711748964,14.070493512511584,20.092030773697196,15.364399907321594,20.13052692698505,0.4643933671795564,0.5012290638966176,0.4747126922261404,0.5014681248337662,0.7945930775661997,0.7778300958603235,0.7901046479798854,0.7777029431445753,0.8913995050291422,0.8819467647541565,0.8888783088701656,0.8818746754185514,0.6399995846804012,0.47326382972358655,0.6068943606808245,0.47225460787928386
musa-acuminata-rotten-8c08d1d1-2653-11ec-8c69-d8c4975e38aa_jpg.rf.d5c00578680a3f6889d5d3cab306616d.jpg,rotten,3447.10843373494,4799.522717375527,3542.0244439295643,4847.850195964582,0.9469887670511036,0.9261907126783822,0.9455291046053954,0.9254475102887371,13.518072289156626,18.821657715198143,13.890291936978684,19.01117723907679,0.46960014694375585,0.5037467413567125,0.4726953567378084,0.5050179676282198,0.7905409506735505,0.7760212941709421,0.7892668493357475,0.775388346570457,0.8891236981846511,0.8809207082200657,0.8884069165285396,0.8805613814893638,0.6671295106283309,0.5256895293329423,0.6579023024978874,0.5209135900436578
musa-acuminata-rotten-8c4fa42e-2653-11ec-81b3-d8c4975e38aa_jpg.rf.4d3bb5b42de50a13b1a428655be964b5.jpg,rotten,6885.930549119556,9232.058644215416,6487.433966635775,8914.909565974744,0.8941049649506421,0.8580251185031308,0.9002332302980997,0.8629023841851761,27.003649212233555,36.20415154594281,25.44091751621872,34.96042967048919,0.7606141455530242,0.8122738915821885,0.7496987105706672,0.8055816702731413,0.6214827521616015,0.5969798531052121,0.6263507228770718,0.6004960412147744,0.7883417737007228,0.7726447133742728,0.7914232261420383,0.7749167963173688,0.6269072520129404,0.4951039202732317,0.6484985509611029,0.5124486244680002
musa-acuminata-rotten-8c532311-2653-11ec-815b-d8c4975e38aa_jpg.rf.e71472e3c62ac07d6a4037dfc33bd90d.jpg,rotten,4751.073621408712,6312.021773842358,4806.064643188137,6398.860211932066,0.9269357853564926,0.9029308003899617,0.9260901079077887,0.9015953585960683,18.631661260426323,24.753026564087676,18.84731232622799,25.09356945855712,0.6344894333060767,0.675309732399305,0.6362376504817708,0.6775816058348364,0.6928479613408006,0.67593070724942,0.6921265673972357,0.6748562968841648,0.8323748923056249,0.8221500515413351,0.8319414446926152,0.821496376671355,0.6948302649997781,0.5894165020950218,0.691298095877372,0.583767847679533
musa-acuminata-rotten-8ce99396-2653-11ec-af72-d8c4975e38aa_jpg.rf.85ace3c29ba3547d7631445cbf2d9944.jpg,rotten,3274.6023517145504,4712.684279285818,3642.96686746988,4862.952533023662,0.9496416456230654,0.9275261544722754,0.9439767651790072,0.9252152595419731,12.841577849860982,18.481114820728695,14.286144578313255,19.07040209028887,0.4665418807468728,0.5044621687382469,0.4788553206794677,0.5084627141523261,0.7911908395415984,0.7754191963765427,0.7861285294990471,0.7734485754942744,0.8894890890514613,0.8805788984392839,0.8866388946459811,0.8794592517531863,0.6871833213217137,0.5394276321456399,0.6519941435269859,0.5247418604419037
musa-acuminata-rotten-8d92060f-2653-11ec-a70d-d8c4975e38aa_jpg.rf.147dcc770bcdd738af5f00e0de34cf3d.jpg,rotten,4833.936804911955,6948.585280882567,5686.674293327154,7281.591813035274,0.9256614768721442,0.8931414314138566,0.9125476841059398,0.8880203024477091,18.956614921223355,27.249354042676732,22.300683503243743,28.555262011903032,0.6550352929023,0.7108911635081001,0.6811152331445989,0.7190633217282898,0.6792534859486782,0.6555268661274385,0.6682612483020053,0.6515263918586586,0.8241683601963122,0.8096461363629412,0.8174724755623306,0.8071718477862434,0.7049231446381046,0.5708977142806915,0.6528696928273418,0.5503332600313746
musa-acuminata-rotten-8dea532c-2653-11ec-b653-d8c4975e38aa_jpg.rf.05d36c6f61553d8a7a438e60a75ff233.jpg,rotten,2398.512511584801,3739.338655828132,2756.3308039851718,3628.336478443896,0.9631145616894043,0.942494715101219,0.9576118659615359,0.9442017580899349,9.40593141797961,14.66407316011032,10.809140407784987,14.228770503701552,0.37902753499247266,0.41623805446272694,0.39201596228141,0.4130407229383325,0.8375776517168696,0.8227935660176431,0.8325111031296355,0.8243072153184685,0.915192685567837,0.9070796911063785,0.9124204640020057,0.90791366071806,0.7093230826775883,0.5324976267404564,0.6659589068835728,0.5463754233618523
musa-acuminata-rotten-8e8c6606-2653-11ec-a232-d8c4975e38aa_jpg.rf.113272936053aedb06e13e32ebd4a820.jpg,rotten,2904.7312326227993,4369.861228044709,3407.936746987952,4414.413122368994,0.9553296953122936,0.9327982464238196,0.9475911674255229,0.9321131067208656,11.391102873030585,17.136710698214543,13.364457831325304,17.31142400929017,0.3918373118356264,0.4271482563804828,0.4079917084912481,0.42823649685693066,0.8334760138257458,0.8173778470081148,0.8264886396480627,0.8167852542107421,0.9129490751546582,0.9040895127187987,0.9091142060533774,0.9037617242452471,0.6393093615145652,0.43967597641836526,0.5768245724823373,0.4339633243721728
musa-acuminata-rotten-8f66f4fd-2653-11ec-84f3-d8c4975e38aa_jpg.rf.20b67928181bdb429bddd470fa5f1279.jpg,rotten,1639.1844300278035,2938.914791696908,2354.8210148285452,3065.7744229931773,0.9747918612550701,0.9548040046797142,0.9637864697993335,0.9528530984068961,6.428174235403151,11.525156045870228,9.234592215013903,12.022644796051676,0.3087292412465702,0.34832929567459314,0.3365489312094312,0.35216401665973784,0.8719327973788287,0.8574189642486509,0.8616032269763091,0.8556481858513284,0.9337734186508142,0.9259692026458822,0.9282258491209503,0.9250125328077066,0.7564255816895983,0.545428795059762,0.6500856472250389,0.5258070164292482
musa-acuminata-rotten-8fbdf7c5-2653-11ec-be6a-d8c4975e38aa_jpg.rf.5ddd68bba46448ce0b09934e081f51fa.jpg,rotten,2026.3814874884151,3576.9885324430256,2750.3043906394814,3395.005370881115,0.9688373652463873,0.9449914106289328,0.9577045429422157,0.9477900321274397,7.94659406858202,14.027406009580492,10.785507414272477,13.313746552474962,0.36154734758182205,0.40829022140007754,0.3887525246418893,0.40287125799335066,0.8446744732727158,0.826786179443643,0.8343693318087708,0.8292847705927061,0.9190617352891567,0.9092778340219467,0.9134381926593451,0.9106507401812761,0.750961165929651,0.5462406722704038,0.6619651762070372,0.5693261689946667
musa-acuminata-rotten-a247d84d-1d0a-11ec-bf8e-d8c4975e38aa_jpg.rf.b8702d5c330ab5c8d03903f47be0ec6f.jpg,rotten,1550.2948331788693,2353.6992306575703,1693.4221501390175,2426.190448541153,0.9761588467200986,0.9638037211168213,0.9739577684289513,0.9626889175323539,6.079587581093605,9.230193061402236,6.640871177015756,9.514472347220208,0.2862277274076564,0.30894389098793945,0.29216145669899424,0.3113720913547475,0.88384620652264,0.8763795524245368,0.881754894994357,0.8753466804862312,0.9401309517948231,0.936151458058223,0.9390180482793485,0.9355996368566157,0.7433102670853916,0.5920739765935399,0.7196119924236931,0.5795103262095105
musa-acuminata-rotten-a35eb494-1d0a-11ec-881e-d8c4975e38aa_jpg.rf.7eedb31f4a282e02ae8fd123bd250fdb.jpg,rotten,1570.2573273864691,2523.2229641457398,1816.963623725672,2513.406445057338,0.9758518542215965,0.9611967064843949,0.9720578903250134,0.9613476694697916,6.1578718721038,9.894992016257802,7.125347544022243,9.856495862969952,0.26191600331317477,0.28676928416101233,0.27148985451422636,0.2864749841089358,0.8971985296341941,0.8877146757720318,0.8936180831143422,0.8878539477871541,0.9472056427377289,0.9421861152511386,0.9453137485059351,0.9422600213248751,0.6952334113393918,0.4825263145202932,0.6472799559043022,0.4845395295169224
musa-acuminata-rotten-a8446409-1d0a-11ec-823e-d8c4975e38aa_jpg.rf.9fddd819ea2fded8a95378fe91f4ddc2.jpg,rotten,2943.1496177015756,4131.24430251125,3096.069856348471,4209.02133836551,0.9547388795604592,0.9364678082226917,0.9523872011757071,0.9352717168768568,11.541763206672845,16.200958049063722,12.141450417052827,16.505966032805922,0.3991162654452516,0.42770534027850315,0.4042085532912838,0.42973588765064363,0.829499711816003,0.8171029129159457,0.8273664135716959,0.8160602191383888,0.9107687477159079,0.9039374496700232,0.9095968412278573,0.9033605144893089,0.6444116082931499,0.485146092007095,0.625935938081609,0.4754531743461064
musa-acuminata-rotten-aa55d2bd-1d0a-11ec-9f56-d8c4975e38aa_jpg.rf.ef5ca234ba44369c58a94669827efc35.jpg,rotten,1281.3661376274329,2254.0238060676443,1643.7042400370715,2206.4514443315434,0.9802945569829387,0.9653365760454642,0.9747223535195604,0.966068165897771,5.024965245597776,8.839309043402526,6.445898980537535,8.652750762084484,0.2326850230027625,0.25928109292859247,0.24731260370124386,0.257816921427771,0.9104583347514603,0.9006294117147549,0.9051367082314788,0.9013108276797236,0.9541794038604378,0.9490149691731711,0.9513867290599963,0.9493739135239201,0.7193882441220522,0.4740571598220462,0.6400383002200574,0.48515746097153073
musa-acuminata-rotten-aaa2193b-1d0a-11ec-ab4b-d8c4975e38aa_jpg.rf.dfdccc873b78d00d7018a4ff0329fd7b.jpg,rotten,2745.784580630213,4102.549862098999,2813.5817307692305,3919.8115836841343,0.9577740506777256,0.9369090846415433,0.9567314346450769,0.9397193186773884,10.767782669138091,16.08843083176078,11.033653846153847,15.371810132094645,0.38504784190323,0.4188975570136114,0.3873873598173318,0.4140629326074379,0.836482098302134,0.8217331130277449,0.8355286069287845,0.8241966765575209,0.9145939526927422,0.9064949602881115,0.9140725392050592,0.9078527835268893,0.6569018203429736,0.47050837482474295,0.6484302603514421,0.4940933137705211
musa-acuminata-rotten-aaa6dc39-1d0a-11ec-8a72-d8c4975e38aa_jpg.rf.e8490e516e7108c61fb377c98964b4b1.jpg,rotten,2780.4364573679336,3949.2611409493393,2837.6873841519923,4107.8356800696765,0.9572411580388164,0.9392664297211986,0.9563607267223573,0.936827796880176,10.903672381835033,15.487298591958194,11.128185820203893,16.109159529685005,0.38577481103699907,0.41433649359732905,0.3877373098194941,0.4185104459322402,0.836266113904896,0.8240722817648773,0.8354617389945467,0.8219357814028018,0.9144758684103677,0.9077842704987112,0.9140359615433884,0.9066067402147426,0.6518034361494154,0.4891189712966759,0.6446338509820775,0.4686055839108828
musa-acuminata-rotten-ab338a80-1d0a-11ec-a310-d8c4975e38aa_jpg.rf.407d51decc0463bc0baca6ce376b77a3.jpg,rotten,2537.8733202038925,3903.9541297721007,3018.4797845227063,3919.05646683118,0.9609714065111817,0.9399631819614908,0.9535804173019607,0.9397309312147267,9.952444392956442,15.309624038321964,11.83717562557924,15.36884888953404,0.3707874242508227,0.4059949737701446,0.3871991645994488,0.4063952150104816,0.8434032562577249,0.8284250363766555,0.8366437193577189,0.828220724049635,0.9183698907617371,0.9101785738945164,0.9146823051517499,0.9100663294780413,0.6722737229084262,0.4785754087529018,0.6102109847711678,0.4765582923457564
musa-acuminata-rotten-ab3ab102-1d0a-11ec-9035-d8c4975e38aa_jpg.rf.a8de9bb2cc1f199076c3ac295e0f29a7.jpg,rotten,2505.857999304912,3772.941355784584,2784.956267377201,3695.919436783278,0.9614637529710437,0.941977957189669,0.9571716503033063,0.9431624359981656,9.826894114921224,14.795848454057193,10.921397126969415,14.4938017128756,0.36289916630951474,0.3950130345822487,0.372574553912545,0.39293088085289196,0.8477145498353381,0.8340883609936391,0.8437766983892295,0.8351368050631205,0.9207141520772547,0.9132843812272491,0.9185731861910784,0.913858197459059,0.6655766484567984,0.47847067716277686,0.6283127458055366,0.4891173280042453
musa-acuminata-rotten-ad4bcfe2-1d0a-11ec-aeb0-d8c4975e38aa_jpg.rf.7e3b168afc00e5e6e069b5b67fe3fe43.jpg,rotten,2574.0318002780355,3988.527217302947,3225.6377432808154,4268.675569748874,0.9604153446271024,0.938662577779612,0.9503946460910894,0.9343543264271388,10.094242354031511,15.641283205109596,12.649559777571826,16.739904195093626,0.41068248523882694,0.450843938486417,0.4337236695947266,0.4586851459648522,0.819969894683532,0.8041862592146907,0.8108428157271561,0.8004250335278401,0.9055218907809639,0.8967643275770344,0.9004681092227287,0.8946647604146707,0.7212537650602407,0.5562836021505377,0.6506902610441766,0.5251176075268819
musa-acuminata-rotten-aedeb164-1d0a-11ec-8719-d8c4975e38aa_jpg.rf.c0c8425bb2a2aab25160b1cec2e9331d.jpg,rotten,2951.4359360519,4165.979677747133,2828.647764133457,3952.2816083611556,0.9546114487120245,0.9359336315051343,0.9564997421933772,0.9392199795718459,11.574258572752548,16.3371752068515,11.092736329935125,15.49914356220061,0.4095578383474208,0.4397436342144522,0.40530011825942003,0.4338846022254931,0.8234662658574343,0.810674150870192,0.8251867350568955,0.8135502481682824,0.9074504206056848,0.9003744503650645,0.9083978946788106,0.9019702035922708,0.6592518136400378,0.504747928459907,0.6734279122558301,0.5301523758490398
musa-acuminata-rotten-aeecfc8e-1d0a-11ec-a0ef-d8c4975e38aa_jpg.rf.f08b8f4de2d0c3379620417552dcce08.jpg,rotten,2771.0201865152917,3791.8192771084337,2746.5378822984244,4041.7629554362024,0.9573859658211287,0.9416876437562138,0.9577624660551407,0.9378438938972687,10.866745829471732,14.869879518072288,10.770736793327155,15.850050805632167,0.39674580484622923,0.4222843509237083,0.3956540033904437,0.429223042183323,0.8298416739928363,0.8195984495785259,0.8303208969003197,0.8162177054851982,0.9109564610851807,0.9053167675341741,0.9112194559491801,0.9034476772260794,0.6705720052115576,0.535310846871839,0.6731422803848559,0.5046801369872586
musa-acuminata-rotten-b0bb611f-1d0a-11ec-b860-d8c4975e38aa_jpg.rf.f084731940ffec0b3dcf562ae28c1700.jpg,rotten,2204.913982854495,3428.2305124110903,2592.1110403151065,3569.4373639134856,0.9660918096937456,0.9472790804845587,0.9601373136850628,0.9451075360023147,8.646721501390175,13.44404122514153,10.165141334569045,13.997793583974453,0.3588656524956383,0.3931800444171883,0.37318004984261716,0.3972778623111687,0.8478874081107348,0.8346512491918963,0.8423721024308971,0.8327133657509712,0.9208080191390249,0.9135924962432082,0.9178083146446742,0.9125312957652308,0.7158972263962667,0.543165385047531,0.666006954571081,0.5243486288809865
musa-acuminata-rotten-b0c02341-1d0a-11ec-93b1-d8c4975e38aa_jpg.rf.ff263458eb03dbb3a71e1dc103630b78.jpg,rotten,2226.0064295644115,3579.253883001887,2600.397358665431,3441.0674989113077,0.965767440261366,0.944956573016918,0.9600098828366279,0.9470816673498093,8.729436978683966,14.036289737262303,10.197636700648749,13.494382348671795,0.3590192910161125,0.39683167629457294,0.3728037377827549,0.39283772949716994,0.8479693372924936,0.8329661144817998,0.8426390457924947,0.834861805515623,0.9208525057209181,0.912669772963803,0.917953727478948,0.9137077243383811,0.7122532099194325,0.5214352253536569,0.6638572184913303,0.5399114603241802
musa-acuminata-rotten-b2ff6464-1d0a-11ec-b7f8-d8c4975e38aa_jpg.rf.274c407ab74aec36406acdf02ea073c4.jpg,rotten,4068.5823100092675,5445.902743504137,4402.294949026877,5877.829583393816,0.9374314534184901,0.9162503807168804,0.9322994656133412,0.9096080093594283,15.955224745134382,21.356481347075047,17.263901760889713,23.050312091740455,0.5543460708436516,0.5901800270762849,0.5650454923065845,0.6014732823280965,0.7411643354849855,0.7264021932507895,0.7367008286541403,0.720916468561962,0.8609090169611336,0.8522923167850274,0.858312780199701,0.849067999963467,0.6874354818090086,0.5745685597601217,0.6617983624684033,0.540826631887519
musa-acuminata-rotten-b436913b-1d0a-11ec-b8cf-d8c4975e38aa_jpg.rf.36c921a8ef9a975969fa837dfecbbd59.jpg,rotten,1566.8674698795182,2460.9258237770355,1803.4041936978683,2451.864421541588,0.9759039850232288,0.9621547408147967,0.9722664135315433,0.962294091262855,6.144578313253012,9.650689505007984,7.072173308619091,9.615154594280737,0.25109177269396604,0.2729669152418662,0.26012337565106797,0.27270124069567303,0.9028192283642305,0.8942118746088805,0.8993701406109217,0.8943406987870471,0.9501680000737924,0.9456277674692514,0.9483512749034092,0.945695880707454,0.6728924403468354,0.4544711519794782,0.6235117798991943,0.4564798497936072
musa-acuminata-rotten-b56c701f-1d0a-11ec-91c4-d8c4975e38aa_jpg.rf.0859060706778986bcae1c509598cbdc.jpg,rotten,5572.925741427247,7385.042821889969,5188.7418906394805,7486.983597038758,0.9142969621162728,0.8864293848323752,0.9202051196346157,0.8848616922917178,21.854610750695088,28.960952242705762,20.348007414272473,29.360719988387284,0.6559840187161524,0.6980176106598841,0.644667466955678,0.7003382842457828,0.6845457776380706,0.6652541631382196,0.6894762081717831,0.6640450027888682,0.8273728165936264,0.8156311440462654,0.8303470408038937,0.814889564780939,0.6385232981766412,0.514797644256555,0.6634426166316173,0.5081000657263541
musa-acuminata-rotten-b5701c05-1d0a-11ec-83de-d8c4975e38aa_jpg.rf.ab0a6ded4243d56b796732a8312bb4e7.jpg,rotten,4598.153382761816,6513.6379735810715,4808.3245481927715,6354.308317607781,0.9292874637412448,0.8998302529206615,0.9260553540400337,0.9022804982990222,18.031974050046337,25.54367832776891,18.856174698795183,24.918856147481492,0.5990477572501242,0.647451759802165,0.605579315976686,0.6435184574342897,0.7157105917073872,0.6944597379751383,0.7129459945631962,0.6964251289041599,0.8459968036035285,0.8333425094012294,0.8443612938566027,0.8345208978235116,0.6764806810875119,0.534959280803344,0.6616933465566168,0.5463346102434662
musa-acuminata-rotten-b735844b-1d0a-11ec-bebf-d8c4975e38aa_jpg.rf.9b5aaf00442011c51c68c989538afa31.jpg,rotten,3096.069856348471,4508.047612135289,3450.121640407785,4561.660908695021,0.9523872011757071,0.9306731520909284,0.9469424285607636,0.929848661939916,12.141450417052827,17.678618086805052,13.529888785912883,17.888866308607927,0.43887938327081627,0.47551158679658245,0.4507389716978132,0.47693445006291757,0.8069009997715249,0.791455839088787,0.8020042875573012,0.7907463381858789,0.8982766833061653,0.8896380382429626,0.8955469209133049,0.8892391906488821,0.6777480895320676,0.5186317221724231,0.640896897824056,0.5129069068079747
musa-acuminata-rotten-b8744192-1d0a-11ec-af8e-d8c4975e38aa_jpg.rf.705ad6f75fe06a5a1e6e371bf36dc433.jpg,rotten,3448.615037071362,5239.7558426477,4064.0625,5094.773406880534,0.9469655978059337,0.9194206034102098,0.937500961154,0.9216502105791448,13.523980537534754,20.548062128030196,15.9375,19.97950355639425,0.501145358344917,0.5497054791433563,0.5215062104090947,0.5458608089053799,0.7706585670004107,0.7502798488298817,0.7622873004681806,0.7521551297358371,0.8778716119116796,0.866186959512715,0.8730906599364012,0.8672687759488619,0.703910625129964,0.5411981316057214,0.6510698607636863,0.5538930384700681
musa-acuminata-rotten-b8c44970-1d0a-11ec-b93c-d8c4975e38aa_jpg.rf.66f54ebe846e11d7b162a14b9f35fe96.jpg,rotten,4254.647822057461,6235.377413267528,4920.943147590361,6261.051386267964,0.9345700516399985,0.9041094729297893,0.9243234529635782,0.9037146466602902,16.68489341983318,24.452460444186382,19.29781626506024,24.553142691246915,0.6073756681802798,0.6622478551943013,0.6294027308644774,0.6629050222230138,0.7069637796749128,0.6840675205344917,0.6977770799783668,0.683757112317564,0.8408113817467701,0.8270837445715469,0.8353305213975883,0.8268960710497807,0.7178319501783506,0.5816882829790342,0.674185416571475,0.5799502383843512
musa-acuminata-rotten-ba27de1d-1d0a-11ec-abfa-d8c4975e38aa_jpg.rf.3d5d87635b7cc8ebbeb83a2d471a802c.jpg,rotten,2722.4322289156626,3844.2998983887355,2812.8284291010195,3916.791116272318,0.9581331739778602,0.9408805724112088,0.9567430192676619,0.9397657688267413,10.676204819277109,15.075685876034257,11.030699721964782,15.359965161852228,0.4129422390955414,0.4431613062947043,0.4162008069002122,0.4452707430991594,0.8198367697280889,0.8081153650252397,0.8185649325397405,0.8071336042756336,0.9054483804878602,0.8989523708324261,0.9047457833777068,0.8984061466150115,0.7010505188963839,0.5661195632046557,0.6911241387822626,0.5579379639250736
musa-acuminata-rotten-ba291696-1d0a-11ec-ade6-d8c4975e38aa_jpg.rf.a8855f9d7a194af24b7926b01bf39734.jpg,rotten,2733.7317539388323,3832.973145594426,2816.594937442076,3908.484830889824,0.9579594046390854,0.9410547604712819,0.956685096154737,0.9398935067374616,10.720516682113066,15.0312672376252,11.045470342910102,15.327391493685585,0.414147439849746,0.4436855287838672,0.41713338316599746,0.44589042977983595,0.8191961009227257,0.8077838175859614,0.8180305454234775,0.8067607995150103,0.9050945259599826,0.8987679442358641,0.9044504107044662,0.8981986414568942,0.700838219369453,0.5689328163754508,0.6917702127920596,0.560440555074731
musa-acuminata-rotten-ba322ce5-1d0a-11ec-934b-d8c4975e38aa_jpg.rf.96a08d3b89d2914adf5a3704ed6d5d0d.jpg,rotten,2699.8331788693235,3899.4234286543765,2738.2515639481003,3780.870082740601,0.9584807126554098,0.94003285718552,0.9578898969035755,0.9418560255476179,10.587581093605191,15.29185658295834,10.738241427247452,14.826941500943533,0.41262123861827626,0.44531194006864294,0.4140196224728121,0.4418327050669385,0.8198506871241651,0.8070616081340088,0.8193092733672623,0.8086694614586134,0.9054560658166497,0.8983660769051828,0.9051570434832081,0.8992605081168712,0.7041756165173053,0.5608874289252946,0.699966061953238,0.5742376755671862
musa-acuminata-rotten-ba77e80c-1d0a-11ec-b095-d8c4975e38aa_jpg.rf.62020ca042c0815cbe63996dce337ead.jpg,rotten,3976.679506487488,5525.94512991726,4088.1681533827623,5504.801858034548,0.9388447773738583,0.9150194517590309,0.9371302532312803,0.9153446028045005,15.594821594068582,21.67037305849906,16.032031974050046,21.587458266802148,0.5688362109687153,0.6111686906790156,0.572581531126769,0.6105886825279847,0.7306870217646089,0.713569715810216,0.7291851215996087,0.7138397128545698,0.854802329058952,0.8447305581131868,0.8539233698638354,0.8448903555222831,0.711387162371456,0.5927458919516511,0.7032957246050183,0.5943041202961925
musa-acuminata-rotten-ba80b8ae-1d0a-11ec-b804-d8c4975e38aa_jpg.rf.8865ef30a77dc26e7e50812010bfed73.jpg,rotten,5074.993338739574,6935.748294382349,5026.7820319740495,6952.360865147337,0.9219543976449485,0.893338844548606,0.9226958134903878,0.8930833687271655,19.90193466172382,27.199012919146465,19.712870713623726,27.26416025547975,0.6402046717171399,0.6863335890166725,0.6387285475749196,0.6867352225742359,0.6916386863710993,0.6713369088636741,0.6922649312808733,0.671135994752111,0.8316481746334199,0.8193515172767267,0.8320245977619131,0.8192289025370816,0.669860900911273,0.5429597488132462,0.6729971488468048,0.5418650416247749
musa-acuminata-rotten-bacba324-1d0a-11ec-88ee-d8c4975e38aa_jpg.rf.c7a36d949653fab5a843bfb218a9c9b0.jpg,rotten,4516.043500926784,6072.649731455945,4594.38687442076,6054.526926985048,0.9305501876030082,0.9066119747261718,0.9293453868541697,0.9068906756222888,17.70997451343837,23.814312672376253,18.01720342910102,23.743242850921757,0.6208204593393551,0.6624515777782368,0.6233650712781009,0.6619645321863844,0.7001625105836119,0.6831604065891838,0.6991264944151383,0.6833871331941977,0.8367571395474388,0.8265351817008056,0.8361378441472066,0.8266723251652965,0.7047282408287003,0.597756953053593,0.6996059284093818,0.5989573799532093
musa-acuminata-rotten-bbe71525-1d0a-11ec-8c64-d8c4975e38aa_jpg.rf.c75f0347ebbcd11f7cceaf9fec78ff97.jpg,rotten,3347.6726135310473,4860.6871824648,3595.508862372567,4745.15430396284,0.9485179372323217,0.9252500971539878,0.9447065964018614,0.9270268153667327,13.128127896200185,19.061518362607057,14.100034754402223,18.608448250834662,0.4996210269140012,0.5416353684091995,0.5081998650855338,0.5383855814618992,0.7707507128705526,0.7538957654401639,0.7673462836383318,0.7554100406038385,0.8779240928864822,0.8682717117585739,0.8759830384421446,0.8691432796747833,0.7146450822480281,0.5775366149910519,0.6935195719104047,0.5875780780804368
musa-acuminata-rotten-bc624035-1d0a-11ec-942d-d8c4975e38aa_jpg.rf.80bf8d97ffc04b5c1bb613e35d939998.jpg,rotten,4438.453429101019,6364.879953549136,5228.66687905468,6707.703004790245,0.9317434037292618,0.9021179227762874,0.9195911346376114,0.8968458308247433,17.40569972196478,24.960313543329946,20.504575996292864,26.304717665844098,0.6198509797068851,0.6718612733353806,0.6447038111723317,0.6805768204840955,0.7000965930405517,0.6784221359032064,0.6897508153246407,0.6742098770498014,0.8367177499255957,0.8236638488504922,0.8305123811988842,0.8211028419447843,0.7111458313562719,0.5803948891019679,0.6597188077806997,0.5577942579063685
musa-acuminata-rotten-bf38cac5-1d0a-11ec-b7c2-d8c4975e38aa_jpg.rf.48b35581cf7dfd3c67d6352f50cfb4a8.jpg,rotten,1990.2230074142726,3583.029467266657,3116.409001390176,3735.563071563362,0.9693934271304667,0.944898510330227,0.9520744163659125,0.94255277778791,7.804796107506951,14.051095950065323,12.221211770157552,14.649266947307302,0.3199944522851329,0.36321910106805805,0.35828908430861806,0.3670928902336891,0.8685086201680966,0.8501924685283324,0.852549484156953,0.8481107172080529,0.9319380988928914,0.9220588205360504,0.9233360624154962,0.9209292682980886,0.699403804064363,0.4362439853772105,0.5293086818373463,0.4122442561983268
musa-acuminata-rotten-bfcd3d6d-1d0a-11ec-889b-d8c4975e38aa_jpg.rf.42ad02c6b662abc89c8d6e72afdea01e.jpg,rotten,1898.320203892493,3145.061692553346,2366.8738415199255,3109.571200464509,0.970806751085835,0.9516337819863847,0.9636011158379736,0.9521795712412802,7.444392956441149,12.333575264915082,9.281858202038924,12.194396864566702,0.3375681691364659,0.3746231693931365,0.3556813407513747,0.373531923730523,0.8576707932061534,0.8439723933764957,0.8509376946681356,0.8444656917719444,0.9261051739441657,0.9186797011888832,0.9224628418901953,0.9189481442235706,0.7438874795824725,0.5603003782258198,0.6806724050984638,0.5652621746780133
musa-acuminata-unripe-5cae5735-2653-11ec-8c7e-d8c4975e38aa-Copy_jpg.rf.03215cffb6d90775247cf815981b90e9.jpg,rotten,1642.9509383688603,2526.620989984033,1719.7877085264133,2490.3753810422413,0.9747339381421454,0.961144450066373,0.9735523066384768,0.9617018518586067,6.442944856348471,9.90831760778052,6.744265523632993,9.766177964871535,0.26981274393379917,0.29240570067420385,0.2728421723227403,0.29129653714594345,0.8934990996145773,0.8850100613378212,0.8923785584207867,0.8855244647698345,0.9452508130726878,0.940749733636859,0.9446579054984862,0.9410230947058815,0.6913940039023158,0.4995575707925464,0.6769612613062753,0.5067366612294733
musa-acuminata-unripe-6081ed75-2653-11ec-b5f0-d8c4975e38aa_jpg.rf.247b060ccd217d22773413d96c9f4ce3.jpg,rotten,1662.5367817423542,3135.245173464944,2506.987951807229,3157.8986790535637,0.9744327379549357,0.9517847449717813,0.9614463760371662,0.9514363688516353,6.519752085264134,12.295079111627231,9.83132530120482,12.383916388445348,0.2907491870910024,0.33268430076681155,0.32187011918624675,0.33330552063854285,0.8822889909472137,0.8654592230685954,0.8701351519600538,0.8651445580807632,0.9393023959019873,0.9303006089800196,0.9328103515506535,0.9301314735459516,0.7244777413853685,0.4561056475803347,0.5845319090758977,0.4521757750917534
musa-acuminata-unripe-60d09471-2653-11ec-a671-d8c4975e38aa-Copy_jpg.rf.921b890017227d732c662786a599327c.jpg,rotten,1251.9873725671919,2198.1451589490493,1610.558966635774,2228.3498330672087,0.9807463572637531,0.9661959038084912,0.9752320769132997,0.9657314023149631,4.909754402224282,8.62017709391784,6.315917516218722,8.738626796341995,0.22984552765473504,0.2557836880793093,0.24442054433729055,0.25671271927102,0.911709205356215,0.9022526476315923,0.9064375949250413,0.9018197598351615,0.954834648175387,0.9498698056215874,0.9520701628162923,0.9496419113724718,0.7225959813894266,0.48061208580027237,0.6431469363481315,0.47347518557080176
musa-acuminata-unripe-81c202ee-1d0a-11ec-9951-d8c4975e38aa-1-_jpg.rf.d8c6d2fd147b9bb719f60d5ad312f66d.jpg,rotten,1951.0513206672845,2959.302946726666,1991.729610750695,2772.0339671940774,0.9699958275048859,0.9544904661715827,0.9693702578852967,0.957370375431457,7.6511816496756255,11.605109595006533,7.810704355885079,10.870721439976775,0.3128897780357699,0.33958143731916424,0.3144566517863611,0.33386303538241735,0.8721923784465586,0.8619608140625119,0.8716047311080781,0.8645869270259267,0.933912404054341,0.9284184477176829,0.9335977351665321,0.929831665962139,0.6960117407403432,0.5189199848635122,0.6896737615897557,0.5493634254743436
musa-acuminata-unripe-8654ce5d-1d0a-11ec-8c46-d8c4975e38aa-1-_jpg.rf.174dfaf925da35bc8fd71f7ad958ffc8.jpg,rotten,1693.4221501390175,2581.7445202496733,1910.373030583874,2736.5434751052403,0.9739577684289512,0.9602967348406842,0.9706213971244753,0.9579161646863524,6.640871177015756,10.124488314704601,7.491658943466172,10.731543039628393,0.27515863952760317,0.297772989104291,0.2834820997853027,0.3023583362870599,0.890984854148003,0.8824377621281629,0.8878333417034145,0.8802518612826609,0.9439199405394522,0.9393815849420101,0.9422490868679123,0.9382173848755206,0.6886741897209794,0.5001700035925722,0.6487890325322081,0.470200670669635
musa-acuminata-freshunripe-19a372aa-2653-11ec-a55a-d8c4975e38aa_jpg.rf.2b2e52685e4ed4674a8de79ec846ed5f.jpg,unripe,812.0591983317887,1397.7212948178255,957.4464202965709,1424.9055015241688,0.987511776853385,0.9785051933869864,0.9852759446944825,0.978087142042811,3.184545875810936,5.4812599796777475,3.754691844300278,5.587864711859486,0.17356979856086155,0.18841513409100877,0.18028705726830974,0.18939167577736027,0.9365654284100112,0.932322344197554,0.934390405825555,0.931922433614961,0.9677631055222199,0.9655684047220859,0.9666387152527851,0.965361296932377,0.7556184370503758,0.539171612234164,0.7118655227189493,0.5302089855677294
musa-acuminata-freshunripe-1e57db85-2653-11ec-802f-d8c4975e38aa_jpg.rf.133256b07ad985a5d5bce153aed4caf6.jpg,unripe,806.0327849860982,1366.7615038467122,874.5832367933272,1325.2300769342432,0.9876044538340649,0.9789813074178528,0.9865502531788312,0.9796199969714539,3.1609128822984247,5.3598490346929895,3.4297381835032437,5.196980693859777,0.159881513637389,0.17232953524499076,0.16301472990925486,0.17088582167205396,0.943078106318301,0.9392478313086552,0.9420511364136592,0.9398600889567925,0.9711220862066217,0.9691479924700124,0.9705931879081262,0.9694638151869271,0.7225651481905242,0.47681291872664683,0.698970221541307,0.4927108687100913
musa-acuminata-freshunripe-1fde7f1a-2653-11ec-864b-d8c4975e38aa_jpg.rf.e8580c6b3ed53dc203fde7b959b0324e.jpg,unripe,840.6846617238184,1449.8243576716504,975.5256603336422,1486.8250834663957,0.9870715611951555,0.9777039283106504,0.9849979137524429,0.9771349139810784,3.2968025949953663,5.685585716359414,3.8255908248378128,5.830686601829003,0.1804853452150391,0.19645250165514705,0.18672444626044898,0.1977797683704705,0.9334073224127348,0.9288069476204185,0.9313915629232907,0.9282636226764113,0.9661300753070131,0.963746308745418,0.9650862981740497,0.9634643857851785,0.7598299848820079,0.5485986285704689,0.7213080917761651,0.5370784894037777
musa-acuminata-freshunripe-203a7440-2653-11ec-9fb0-d8c4975e38aa_jpg.rf.c950d0bbe5ea0f0445d91a3bbf442afa.jpg,unripe,839.1780583873957,1491.3557845841196,961.9662303058387,1431.701553200755,0.9870947304403255,0.9770652387570492,0.9852064369589728,0.9779826292067673,3.2908943466172382,5.848454057192626,3.7724165894346617,5.614515894904921,0.1779489180566653,0.19519250242307534,0.18361941824294975,0.1930677679183314,0.93464544014083,0.9294216554521598,0.9328094227537512,0.9302978200851226,0.9667706243679676,0.964065171786721,0.9658205955319814,0.9645194762601337,0.754721841162126,0.5238640019101412,0.718832846646351,0.5429094418337354
musa-acuminata-freshunripe-209055dd-2653-11ec-a69d-d8c4975e38aa-Copy_jpg.rf.043a595c5570d5191053ceda6d58c903.jpg,unripe,846.7110750695088,1512.4990564668312,971.7591519925858,1435.477137465525,0.9869788842144757,0.9767400877115795,0.985055836865368,0.9779245665200762,3.320435588507878,5.931368848889535,3.810820203892493,5.629322107707941,0.17926351697943038,0.197004254426061,0.1850283650048514,0.19426442528567148,0.9340615120306921,0.9286369601823884,0.9321922153172111,0.9297677567986445,0.9664685778806739,0.9636581137428296,0.9655010177711938,0.9642446560902708,0.7547161622957929,0.5218246678428531,0.7184909691828941,0.5461750841583942
musa-acuminata-freshunripe-2289e0e1-2653-11ec-88cc-d8c4975e38aa_jpg.rf.8160ec0c930d2bfb35913fc38a4a8606.jpg,unripe,867.0502201112141,1433.9669037596166,974.0190569972196,1529.1116272318188,0.986666099404681,0.9779477915947526,0.985021082997613,0.976484611890139,3.400196941612604,5.623399622586732,3.8196825764596847,5.996516185222819,0.1826637887016406,0.19690194806024902,0.187595884909312,0.20030906289625253,0.9325529977121361,0.9285771016130132,0.9309545324888704,0.9271805750397281,0.9656878365766735,0.9636270552516742,0.96485985121616,0.9629021627557641,0.7543942723259671,0.5576810596988616,0.7240936525781717,0.5283328835651367
musa-acuminata-freshunripe-254b5ef1-2653-11ec-ad18-d8c4975e38aa_jpg.rf.696847263576d6a05d9da927bc820687.jpg,unripe,879.8563484708063,1399.2315285237335,968.7459453197405,1531.376977790681,0.9864691608207361,0.9784819683123099,0.985102175355708,0.9764497742781244,3.4504170528266913,5.487182464798955,3.799003707136237,6.005399912904631,0.17754683681929606,0.18934140677283084,0.1815890954170991,0.19399529332870602,0.9351658178617013,0.9319131778302903,0.93383767413974,0.9299725428044537,0.967039718864588,0.96535650297198,0.9663527689926386,0.9643508401014922,0.7371909185563803,0.5424691358024692,0.710640001081768,0.4992592592592592
musa-acuminata-freshunripe-254b5ef2-2653-11ec-9820-d8c4975e38aa_jpg.rf.0c8ba9a6ddda77d1d01513633ae7d16f.jpg,unripe,884.3761584800741,1400.7417622296414,972.512453660797,1535.1525620554507,0.9863996530852263,0.9784587432376336,0.985044252242783,0.9763917115914333,3.4681417979610747,5.493104949920162,3.813774328081557,6.02020612570765,0.17773361773155927,0.18937123282248836,0.18173420562978057,0.19409906386643372,0.9351091671526772,0.9319020056187829,0.9337924516111785,0.9299282705934749,0.9670104276338892,0.965350716381763,0.9663293701482836,0.9643278854173382,0.7357845650518392,0.5418676404069773,0.7094530438517244,0.497906691615841
musa-acuminata-freshunripe-2552857b-2653-11ec-aae2-d8c4975e38aa-Copy_jpg.rf.321f318372392c9d251c76955f46f9e8.jpg,unripe,884.3761584800742,1532.8872114965886,971.7591519925858,1406.7826970532733,0.9863996530852264,0.976426549203448,0.9850558368653679,0.9783658429389279,3.468141797961075,6.011322398025838,3.810820203892493,5.516794890404993,0.1760131850343152,0.19208894870665313,0.17996502143884818,0.18769056943322157,0.9359434478127813,0.930801897791538,0.9346379706821869,0.9326535478235733,0.9674417025396317,0.964780751151026,0.9667667612626051,0.9657398965682081,0.7314317688460971,0.4895234646001541,0.7048952144901749,0.5315183322906833
musa-acuminata-freshunripe-2607ab8c-2653-11ec-89bb-d8c4975e38aa_jpg.rf.6c9371957132cce70ac27b138ae6c154.jpg,unripe,818.085611677479,1370.537088111482,909.2351135310473,1424.9055015241688,0.987419099872705,0.9789232447311617,0.9860173605399217,0.978087142042811,3.2081788693234476,5.374655247496007,3.5656278962001853,5.587864711859486,0.1709422279474221,0.1841989460812063,0.17516575447221605,0.18613932599046723,0.9378922024762271,0.934150180896623,0.9365276778900373,0.9333500101868333,0.9684483478617881,0.9665144493987781,0.967743601317021,0.9661004141324199,0.7467827979147381,0.5338680731438714,0.718569831568222,0.515376889268587
musa-acuminata-freshunripe-26c655c0-2653-11ec-9a1c-d8c4975e38aa_jpg.rf.af26eaf2a1627e03ee561ae4c74380b3.jpg,unripe,467.04703429101016,1221.0239512265932,943.8869902687674,1282.9435331688198,0.9928175339973087,0.9812225271241257,0.9854844679010124,0.9802702990623933,1.8315569972196477,4.788329220496444,3.701517608897127,5.03115111046596,0.1397155642043351,0.16378358459946518,0.16300053932954128,0.16600477863702728,0.9496053518585285,0.942826455676761,0.9424312907373774,0.9419108817102907,0.9744769632261855,0.9709925106182647,0.9707890042318039,0.9705209331643964,0.8339813071911962,0.5153924305102052,0.6644815772751113,0.4908174022491273
musa-acuminata-freshunripe-26de2b5e-2653-11ec-8ee8-d8c4975e38aa_jpg.rf.581123604f1a0c83f945e08416eba29a.jpg,unripe,796.2398632993513,1424.9055015241688,936.3539735866543,1374.312672376252,0.9877550539276696,0.978087142042811,0.9856003141268622,0.9788651820444707,3.1225092678405932,5.587864711859486,3.6719763670064878,5.389461460299028,0.1758921396600792,0.19282231415059356,0.18246135695891366,0.19097292870620824,0.935289165994197,0.9303977431144267,0.9331918070710874,0.931142301237332,0.9671034929076603,0.9645712742531921,0.9660185335028968,0.964957149948811,0.7672719803486242,0.5450791754959171,0.7263188945821568,0.5612316372032692
musa-acuminata-freshunripe-273196c9-2653-11ec-bc93-d8c4975e38aa-Copy_jpg.rf.b9fd62c868d1a783e7e42c4ee1aa2e2d.jpg,unripe,553.6767261353104,1287.474234286544,969.4992469879519,1282.1884163158659,0.9914853024000352,0.980200623838364,0.9850905907331229,0.9802819115997314,2.171281278962002,5.0489185658295845,3.8019578313253013,5.028189867905357,0.1430889107989253,0.16464023640610592,0.16271135965854963,0.1644551382926242,0.948925349621556,0.9424799378975082,0.9426803346289557,0.942558014523944,0.9741279944758573,0.9708140593839317,0.9709172645642654,0.970854270487566,0.8002729450719624,0.4804925411280418,0.6502738507586605,0.4826254163257565
musa-acuminata-freshunripe-27365b06-2653-11ec-9d21-d8c4975e38aa-Copy_jpg.rf.75b059683f1b6b699e124da23253e6a1.jpg,unripe,863.2837117701575,1418.1094498475832,964.9794369786839,1529.1116272318188,0.9867240225176059,0.9781916548788548,0.9851600984686328,0.976484611890139,3.3854263206672845,5.561213528814052,3.7842330861909175,5.996516185222819,0.18199948201622596,0.19578608934470665,0.1866964986307968,0.1997664333550226,0.9328500441086724,0.9290527129436373,0.9313300684603747,0.9274230156435581,0.9658416247546346,0.9638738055075661,0.9650544380812798,0.9630280450971084,0.7543723593698413,0.5604349264208476,0.7254371661018906,0.5260280756135336
musa-acuminata-freshunripe-279cd7ce-2653-11ec-a10b-d8c4975e38aa_jpg.rf.c649fd3694777062a6bbf5f2ec530779.jpg,unripe,756.314874884152,1493.6211351429815,940.8737835959222,1225.554652344317,0.988369038924674,0.9770304011450346,0.9855308063913524,0.9811528519000966,2.965940685820204,5.857337784874438,3.6897011121408716,4.806096675860067,0.1693058785365883,0.19003331590530748,0.1779453592293445,0.1802447567013416,0.938170734195068,0.9316874825301975,0.9354065386000407,0.935637603900905,0.9685921402711608,0.9652395985091978,0.9671641735507166,0.9672836212305598,0.7689180981086355,0.499240027864665,0.7125285901769779,0.589113531458216
musa-acuminata-freshunripe-27a8c2a8-2653-11ec-845d-d8c4975e38aa_jpg.rf.51fcbd9912c833e517e5434525d3ac90.jpg,unripe,621.4738762743282,1344.8631151110467,968.7459453197405,1260.2900275802003,0.9904426863673865,0.9793180710006606,0.985102175355708,0.9806186751825392,2.4371524559777575,5.273973000435477,3.799003707136237,4.9423138336478445,0.1562203727760036,0.17765027414244422,0.17261726965796467,0.17456836241832022,0.9432818818494196,0.936979434025911,0.9381049677026707,0.9382279501712669,0.9712269981057052,0.9679769801115681,0.9685581901479491,0.96862167546017,0.7977342739491492,0.5163865886724185,0.6844898099108966,0.5467991108895377
musa-acuminata-freshunripe-285de673-2653-11ec-ba0e-d8c4975e38aa_jpg.rf.6c30f20721a7da499553dc4fd0714727.jpg,unripe,790.9667516218722,1384.8843083176077,999.6313137164041,1487.5802003193496,0.9878361462857647,0.9787026065217358,0.9846272058297235,0.9771233014437403,3.1018303985171456,5.430918856147481,3.920122798887859,5.833647844389606,0.18098268574674498,0.19726051045277698,0.1907517561444763,0.2010340383347487,0.9327093709147205,0.9283080834149189,0.9295887472906169,0.9267985205629167,0.9657687978572929,0.9634874588778615,0.9641518279247397,0.9627037553489218,0.7799341596541469,0.5811475457922306,0.7218786951057649,0.5500876037135738
musa-acuminata-freshunripe-2862aab7-2653-11ec-ad13-d8c4975e38aa_jpg.rf.5e3d8c1b3254df9e00ae788b99aacb3c.jpg,unripe,793.9799582947173,1386.394542023516,1001.1379170528267,1489.8455508782117,0.9877898077954246,0.9786793814470593,0.9846040365845535,0.9770884638317257,3.1136468952734013,5.436841341268689,3.926031047265987,5.842531572071418,0.18117378922854516,0.19736512473224113,0.19086368201500023,0.2011641371636585,0.9326423100570458,0.9282638352755885,0.9295444394540092,0.9267432650725254,0.965734078334738,0.9634644961157565,0.9641288500268049,0.9626750568455201,0.7791831069696528,0.5808722267758664,0.7215695912359285,0.5495974419546757
musa-acuminata-freshunripe-28e5c151-2653-11ec-b56a-d8c4975e38aa_jpg.rf.2327467845091f1218a1394a7d2ac6bd.jpg,unripe,617.7073679332716,1299.5561039338077,775.1474165894347,958.2432863986065,0.9905006094803114,0.9800148232409527,0.9880794233600493,0.9852636901178204,2.4223818350324375,5.096298446799246,3.0397937905468027,3.7578168094063,0.14352490022250325,0.16175211412279028,0.15113289508537286,0.14897173181155673,0.9493111284519271,0.9436642156472412,0.9469417684192963,0.9487309091781818,0.9743259867477245,0.9714238084622187,0.9731093301470788,0.9740281870552729,0.7698732037193576,0.456173157194624,0.7112189349112428,0.5990027521673317
musa-acuminata-freshunripe-296d9c3e-2653-11ec-813f-d8c4975e38aa_jpg.rf.35338f6c881ce1fd33314f2f1ad21fed.jpg,unripe,915.2615268767377,1434.7220206125708,853.4907900834106,1353.1694004935405,0.9859246835592419,0.9779361790574145,0.9868746226112107,0.9791903330899403,3.5892608897126967,5.626360865147337,3.3470227062094535,5.306546668602119,0.18048569390807057,0.1920866882355177,0.17723828631710173,0.18910984557510974,0.9340002050558045,0.9307392711849204,0.9351107324160118,0.9319396728931897,0.966436860356539,0.9647482942119775,0.9670112369647066,0.9653702258165981,0.7299522358752695,0.5372779157418376,0.7472738171886733,0.5635800131628279
musa-acuminata-freshunripe-2bd2262e-2653-11ec-aa4d-d8c4975e38aa_jpg.rf.b2a10525b7b9656336758f025b83e6de.jpg,unripe,442.18807924003704,990.7133110756278,709.610171455051,1043.5714907824067,0.9931998265426131,0.9847643510122778,0.9890872855249432,0.9839514733986036,1.7340708989805373,3.885150239512266,2.7827849860982394,4.092437218754537,0.11309579072177237,0.12621054787740596,0.12621285527243264,0.1280543211179349,0.9617045882118694,0.9580561439246872,0.9576648311673657,0.9572686847981832,0.9806653803473789,0.9788034245570901,0.9786035107066424,0.9784010858529252,0.7844013620575252,0.4344534538427287,0.6540137701161647,0.40427947653250834
musa-acuminata-freshunripe-2cf74f64-2653-11ec-a785-d8c4975e38aa_jpg.rf.752fdb7bce3b095e76f76f712d56c847.jpg,unripe,530.3243744207599,1162.8799535491362,817.3323100092679,1236.126288285673,0.9918444257001697,0.9821166924991676,0.98743068449529,0.9809902763773618,2.0797034291010195,4.560313543329946,3.205224745134384,4.8475540717085215,0.12389944799185754,0.13940574732181216,0.1373978660255691,0.14177631449893646,0.9576038103902028,0.9527102512370803,0.9532814784213492,0.9516253759756904,0.9785723327328455,0.976068773825431,0.9763613462347581,0.9755128784263642,0.7622730505179235,0.39838561250567284,0.6336168463237882,0.36049171926739376
musa-acuminata-freshunripe-2ef09879-2653-11ec-b645-d8c4975e38aa_jpg.rf.2061d2e4c3dc26468cb69e532e53b04a.jpg,unripe,567.9894578313254,1131.9201625780229,729.1960148285449,1156.8390187255043,0.9912651945709204,0.9825928065300338,0.9887860853377335,0.9822095927978731,2.2274096385542173,4.438902598345188,2.8595922150139015,4.536623602845115,0.13046040445666096,0.1437678604653125,0.1382475500129901,0.14463627838260748,0.9549348295906945,0.9510546541922544,0.9525051388093185,0.9506849231855463,0.9772076696335813,0.9752203105925626,0.9759636974853719,0.9750307293544888,0.7600721683297966,0.4532987825054255,0.6919759402430281,0.4412633320869326
musa-acuminata-freshunripe-2fef9ede-2653-11ec-992f-d8c4975e38aa_jpg.rf.902b262701c873a82a3ad9a62f58b059.jpg,unripe,544.6371061167748,1182.5129917259399,774.3941149212234,1168.920888372768,0.9916243178710551,0.9818147665283742,0.9880910079826344,0.9820237922004619,2.1358317886932343,4.637305849905647,3.036839666357739,4.584003483814777,0.13437553670935481,0.15144808315419883,0.14556350683749641,0.1509671267151203,0.952937081634623,0.9479363168199734,0.9494753916526949,0.9481377868045522,0.9761849628193537,0.9736202117971737,0.9744102789137103,0.973723670660497,0.7838905386492839,0.46839792537328423,0.6927240300573497,0.4745082940471546
musa-acuminata-freshunripe-31957c73-2653-11ec-a526-d8c4975e38aa-Copy_jpg.rf.26c48fec7137a61da7fc7200a6b386b5.jpg,unripe,507.7253243744208,1194.5948613732037,812.0591983317887,1154.5736681666428,0.9921919643777194,0.9816289659309629,0.987511776853385,0.9822444304098878,1.991079703429101,4.684685730875309,3.184545875810936,4.527739875163305,0.1331004076622609,0.15264700929328168,0.14795929641458627,0.1512240671633786,0.9531840535620417,0.9474435228502921,0.9485987872812631,0.9480367614690796,0.976311453155212,0.9733671059011045,0.9739603622741857,0.9736717935059429,0.8001432322728739,0.46784768356491657,0.6803477809942998,0.48567579530389227
musa-acuminata-freshunripe-319f0516-2653-11ec-98a6-d8c4975e38aa_jpg.rf.35e68a93d70f262acbc6450a9978ee57.jpg,unripe,487.3861793327155,1128.1445783132533,793.226656626506,1167.4106546668602,0.992504749187514,0.9826508692167248,0.9878013924180096,0.9820470172751383,1.9113183503243745,4.424096385542169,3.1106927710843375,4.5780809986935695,0.13010224937521914,0.1480730673000546,0.1451308535454389,0.149474032354225,0.9543823252525679,0.9493257412456713,0.9497715262427409,0.9487431979230787,0.9769249332740811,0.9743334856432223,0.9745622228686791,0.9740344952428936,0.8036756759994602,0.48404602392447016,0.6804798869048403,0.46608778647070354
musa-acuminata-freshunripe-34cbc552-2653-11ec-97f0-d8c4975e38aa_jpg.rf.80cac737bf4dc00035480533f7545a08.jpg,unripe,558.9498378127896,1214.9830164029613,810.552594995366,1222.5341849325011,0.9914042100419402,0.9813154274228315,0.987534946098555,0.9811993020494495,2.1919601482854496,4.764639280011613,3.178637627432808,4.7942517056176515,0.1390484103676533,0.15711874656954705,0.1512524725942494,0.1573858885488959,0.950886619211572,0.9456078275335531,0.9470987882341372,0.9454960534992378,0.9751341544687951,0.9724236872544565,0.9731900062342077,0.9723662136763277,0.7882326538924443,0.48178850388021655,0.692908808070445,0.47856779849724707
musa-acuminata-freshunripe-39bafaf1-2653-11ec-9d43-d8c4975e38aa_jpg.rf.d155dcc5ce471c9e0b235e0e2be40465.jpg,unripe,809.0459916589435,1366.0063869937583,887.3893651529194,1409.8031644650891,0.987558115343725,0.9789929199551909,0.9863533145948864,0.978319392789575,3.1727293790546804,5.356887792132385,3.479958294717331,5.5286398606474085,0.16350856498730407,0.17622331137258526,0.16710637993700647,0.1777422436027743,0.9413872004378819,0.9376011282320755,0.9402138136562791,0.9369563429098134,0.9702511017452554,0.9682980575381093,0.9696462311875806,0.9679650525250452,0.7314207454729923,0.4978243548774188,0.7054130709191664,0.481723643204058
musa-acuminata-freshunripe-39bd5cf5-2653-11ec-a760-d8c4975e38aa_jpg.rf.ace8b68d7457e8fa4d2e9e561b1229af.jpg,unripe,810.5525949953661,1301.0663376397154,873.0766334569045,1369.026854405574,0.987534946098555,0.9799915981662763,0.9865734224240011,0.9789464698058381,3.1786376274328085,5.102220931920453,3.4238299351251156,5.3687327623748,0.1698809344633725,0.1808757716279914,0.17280236482702616,0.18336216267580396,0.938346032146695,0.9355180514203189,0.9374093898675189,0.934515823296825,0.9686826271523068,0.9672218212076891,0.9681990445499927,0.9667035860577041,0.7473812586533113,0.5541094293628542,0.7278948687538919,0.5308185696081571
musa-acuminata-freshunripe-3a9d6783-2653-11ec-803f-d8c4975e38aa_jpg.rf.94bd833968c9a458fa8b2309817a60f4.jpg,unripe,761.5879865616312,1372.802438670344,845.2044717330862,1294.2702859631297,0.988287946566579,0.978888407119147,0.9870020534596455,0.9800961110023202,2.9866195551436516,5.38353897517782,3.3145273401297497,5.075569748875018,0.1593122813645508,0.1742578616581012,0.16321741152633484,0.17148930901913528,0.9430268347844217,0.9384352620144316,0.941772697298068,0.9395934483902201,0.9710956877591527,0.9687286833858237,0.9704497397073524,0.9693262858244484,0.7420105364576148,0.48379768799038125,0.7136852837838219,0.5133274132098534
musa-acuminata-freshunripe-3b207e26-2653-11ec-b0f9-d8c4975e38aa_jpg.rf.31bae0b353515e05f5e14de70d2bcf5e.jpg,unripe,723.1696014828545,1341.8426476992306,827.8785333642262,1251.2286253447526,0.9888787623184133,0.9793645211500134,0.9872684997791003,0.9807580256305977,2.83595922150139,5.262128030193061,3.246582483781279,4.906778922920599,0.15197903162824059,0.16694782670268635,0.15687212298439535,0.1637871439245423,0.946192691472384,0.9414990666526108,0.9446208145210054,0.9428370214445639,0.9727243656207981,0.9703087481068131,0.9719160532273379,0.9709979513081188,0.7402121845022425,0.46107934969255804,0.7025970737166297,0.49747241555462496
musa-acuminata-freshunripe-3baabb38-2653-11ec-ad44-d8c4975e38aa_jpg.rf.c0292202bbbc726d2ad4d487c5be4a4f.jpg,unripe,529.5710727525487,1189.3090434025257,806.0327849860982,1059.4289446944404,0.9918560103227547,0.9817102536923303,0.9876044538340649,0.9837076101145014,2.0767493049119556,4.663957032951081,3.1609128822984247,4.154623312527217,0.13236519795147222,0.15026949368207723,0.14573066958810849,0.1455715433456896,0.953732588844363,0.9484074194028062,0.9495682946550585,0.9503357315653878,0.9765923350325677,0.9738621151902389,0.9744579491466312,0.974851645926388,0.7867453429728455,0.4562539733161537,0.6754160981236764,0.5156344917857547
musa-acuminata-freshunripe-3baf7f86-2653-11ec-9fe7-d8c4975e38aa_jpg.rf.5ac3437682e668c33567f774fafcb1dc.jpg,unripe,740.4955398517145,1347.1284656699086,897.1822868396663,1353.9245173464944,0.9886123159989587,0.979283233388646,0.9862027145012816,0.9791787205526021,2.903904077849861,5.282856728117289,3.518361909175162,5.309507911162723,0.1619050835677595,0.17742212437491028,0.16923228506830468,0.17766400117077197,0.9416221170326848,0.9370793076982222,0.9392731660852436,0.9369791346474311,0.9703721538835937,0.9680285676043978,0.9691610630257715,0.9679768254702336,0.7583206727757561,0.514057652369644,0.7071820155401073,0.5116061494948271
musa-acuminata-freshunripe-3bb90809-2653-11ec-a87d-d8c4975e38aa_jpg.rf.a50bacee1f6b287ac674c44f99b96f77.jpg,unripe,731.4559198331788,1340.3324139933227,876.0898401297497,1325.230076934243,0.9887513314699785,0.9793877462246898,0.9865270839336612,0.9796199969714539,2.8684545875810934,5.256205545071853,3.4356464318813718,5.196980693859776,0.15758634939830862,0.17281102157016195,0.16433734381791185,0.17227918405325446,0.9436121528156541,0.9390473152221294,0.9414428596882003,0.9392700487655264,0.9713970109155443,0.969044537274799,0.9702797842314351,0.9691594547676489,0.7514921726755219,0.4943560709815037,0.702353652751423,0.5000534673648107
musa-acuminata-freshunripe-624a3116-1d0a-11ec-8f1d-d8c4975e38aa-Copy_jpg.rf.aca2c282712e90f94f4fccb99799964e.jpg,unripe,817.3323100092679,1409.0480476121352,971.7591519925858,1472.47786326027,0.9874306844952901,0.9783310053269134,0.985055836865368,0.9773555521905042,3.205224745134384,5.525678618086805,3.810820203892493,5.774422993177529,0.17406835842357368,0.18909809052105175,0.1811765066535766,0.19135031682795978,0.9363656297187396,0.9320340448116571,0.9340560878959984,0.9311018036900209,0.9676598729505836,0.9654191031938705,0.9664657717146523,0.9649361656037257,0.7546113147564903,0.5366453995381625,0.7082475539501131,0.5157869930865041
musa-acuminata-freshunripe-63487ec0-1d0a-11ec-a802-d8c4975e38aa-Copy_jpg.rf.149b465f01693e84031e8fae7d14bd43.jpg,unripe,896.4289851714551,1605.7559878066486,1058.7654946709918,1587.6331833357528,0.9862142991238666,0.9753059393503116,0.983717812956802,0.9755846402464283,3.5154077849860985,6.297082305124111,4.15202154772938,6.226012483669619,0.21684224234357738,0.2415958644518484,0.22553860897148448,0.24090196639169248,0.9152245298653803,0.90782959966915,0.9123043389125137,0.9080946175908754,0.9566736799271632,0.9528009234195515,0.9551462395426753,0.9529399863532202,0.8063221596117723,0.6373039698628319,0.7728402035989352,0.6413974120087487
musa-acuminata-freshunripe-64aa8ffa-1d0a-11ec-9754-d8c4975e38aa_jpg.rf.06b36212bd18c48587532e6d31eedf5f.jpg,unripe,805.279483317887,1362.2308027289882,907.7285101946246,1421.885034112353,0.9876160384566498,0.979050982641882,0.9860405297850918,0.9781335921921639,3.157958758109361,5.342081579329366,3.559719647822057,5.5760197416170705,0.17013040305700716,0.18367175087216664,0.17489102136473195,0.1858042345696255,0.9381831802060311,0.9343722344328196,0.9366491528869454,0.9334941095450889,0.9685985650443795,0.9666293159390623,0.9678063612556725,0.9661749890910492,0.7502491984466678,0.5356694854478441,0.7184754762658888,0.515335721229651
musa-acuminata-freshunripe-6545e05b-1d0a-11ec-b02a-d8c4975e38aa-Copy_jpg.rf.a5bb0868c708b91f8c17c3dfe6d21d30.jpg,unripe,531.0776760889713,1223.2893017854549,865.5436167747914,1139.471331107563,0.9918328410775848,0.9811876895121112,0.986689268649851,0.9824766811566518,2.0826575532900837,4.797212948178255,3.3942886932344765,4.468515023951227,0.135954351218266,0.15552560845547025,0.15201171405174738,0.1525277617751516,0.9520746087875062,0.946257044264166,0.9470414337404155,0.9474992179685412,0.97574310593901,0.9727574436950693,0.9731605385240482,0.9733957149939284,0.7949196927436959,0.4668275728345074,0.6657627332801511,0.5033597576588096
musa-acuminata-freshunripe-66460859-1d0a-11ec-bb20-d8c4975e38aa_jpg.rf.526398514f8564b4b2aea71537eca896.jpg,unripe,854.2440917516219,1483.0494992016258,955.186515291937,1413.5787487298592,0.9868630379886258,0.9771929766677695,0.9853106985622376,0.9782613301028841,3.349976830398517,5.815880389025984,3.745829471733086,5.543446073450428,0.1749540668494899,0.19075976720981758,0.17956986347325887,0.18831021719122348,0.9362297277394671,0.9313668520890153,0.9347205615745581,0.9323876299458634,0.9675896484251302,0.9650734956929525,0.9668094753231156,0.9656022110299165,0.7414233880538005,0.50788852097093,0.7108684797638615,0.5309405861800308
musa-acuminata-freshunripe-66a84d00-1d0a-11ec-a5a9-d8c4975e38aa_jpg.rf.e25a18c6d803c56fdf8df4d3f3c188d7.jpg,unripe,912.2483202038925,1467.9471621425462,909.2351135310473,1415.844099288721,0.9859710220495818,0.9774252274145335,0.9860173605399217,0.9782264924908696,3.5774443929564415,5.756655537813907,3.5656278962001853,5.552329801132239,0.18641327201712649,0.1999365156267567,0.18627332375296182,0.19802887738373698,0.9310679008765153,0.9272628475499587,0.9311129420234943,0.9280285891277106,0.9649185980571187,0.9629448829242299,0.9649419371254906,0.9633424049255335,0.7453854074860881,0.5544824095246611,0.7462264135720134,0.5702955338779526
musa-acuminata-freshunripe-67d029fe-1d0a-11ec-9aaf-d8c4975e38aa_jpg.rf.3ea40979f83cedf0ccc9f4d9cbbb4cd4.jpg,unripe,900.1954935125116,1578.9493395267818,1011.684140407785,1455.1101756423284,0.9861563760109416,0.9757181844258177,0.9844418518683636,0.9776226405492829,3.530178405931418,6.191958194222674,3.9673887859128825,5.706314414283641,0.18123042912827175,0.1986951897406985,0.18626242355439404,0.19437828863823808,0.9335239881471062,0.9279284656361949,0.9318598492360044,0.9297440879629939,0.9661904512812711,0.9632904368030417,0.9653288813849943,0.9642323827599828,0.7379243851088513,0.49808379628276156,0.705466484687186,0.5374497730448979
musa-acuminata-freshunripe-681fb712-1d0a-11ec-ac1f-d8c4975e38aa_jpg.rf.c6a53618d987bd1df98612f0021b9bb7.jpg,unripe,878.3497451343836,1446.0487734068804,977.032263670065,1530.621860937727,0.9864923300659063,0.9777619909973413,0.9849747445072732,0.9764613868154626,3.444508804448563,5.6707795035563935,3.8314990732159413,6.002438670344027,0.18026062014366534,0.19410290941488995,0.18476888724261964,0.19708730113397,0.9338288470369323,0.929855150231716,0.9323545406272199,0.9286140651457095,0.9663482017559365,0.9642899720684209,0.9655850768457536,0.9636462344375707,0.7443904057165298,0.5405398395843707,0.7156726897207029,0.5136680181919161
musa-acuminata-freshunripe-68261f97-1d0a-11ec-b6ae-d8c4975e38aa_jpg.rf.22a719dd589fc20cba149df7eac91f16.jpg,unripe,872.3233317886933,1524.580926114095,972.512453660797,1450.5794745246044,0.986585007046586,0.9765542871141681,0.9850442522427829,0.9776923157733122,3.4208758109360518,5.978748729859197,3.813774328081557,5.688546958920018,0.1778049910824188,0.194444230569793,0.18237105793262318,0.1918562289988525,0.9349823452575541,0.9297737617645596,0.9334852804584702,0.9308597376464287,0.9669448511976028,0.964247769903856,0.9661704199873179,0.9648107263325946,0.7409314113339445,0.5046243114847243,0.7111765561590003,0.5286692928985417
musa-acuminata-freshunripe-6828ce9b-1d0a-11ec-a5a3-d8c4975e38aa-Copy_jpg.rf.8879ca74f6ee1c3392419d4da92b4ff2.jpg,unripe,813.5658016682114,1501.1723036725214,992.8515987025023,1396.2110611119176,0.987488607608215,0.9769142757716525,0.9847314674329883,0.9785284184616627,3.1904541241890643,5.886950210480476,3.8935356811862833,5.475337494556539,0.1765934156707188,0.1953874025921412,0.18486348191636207,0.19163061151768257,0.9350950643487905,0.9293438752373899,0.9324144772753236,0.930886118689281,0.9670031356457902,0.9640248312348546,0.9656161127877494,0.9648243978513815,0.7619103549642072,0.5200699908892674,0.7094424517063197,0.5536264653693439
musa-acuminata-freshunripe-68817869-1d0a-11ec-a794-d8c4975e38aa_jpg.rf.a36c5c90db521b44fe4fcad78113dd24.jpg,unripe,955.9398169601484,1423.395267818261,1014.6973470806302,1670.318478734214,0.9852991139396527,0.9781103671174874,0.9843955133780238,0.9743130674078951,3.7487835959221503,5.581942226738279,3.9792052826691378,6.550268544055741,0.18771252087062912,0.19753416634714643,0.19035398563656275,0.20617837381589565,0.9307650469141484,0.9282698756409863,0.929888817250359,0.9246531855688701,0.9647616529040468,0.9634676308215997,0.9643074288059587,0.9615888859428805,0.7314863579328039,0.5649788773557468,0.7149819733140164,0.4895136746476985
musa-acuminata-freshunripe-69810752-1d0a-11ec-983a-d8c4975e38aa_jpg.rf.0cef066cf105b7aeba16d09517f85497.jpg,unripe,836.1648517145504,1356.1898679053566,888.895968489342,1397.7212948178253,0.9871410689306654,0.9791438829405875,0.9863301453497164,0.9785051933869863,3.279077849860982,5.318391638844535,3.485866543095459,5.481259979677747,0.16514197713458084,0.1762945030356781,0.16754936853300872,0.17774516673632854,0.9408041553467024,0.9375679297883294,0.9400147327743997,0.936956280337014,0.9699505942813286,0.9682809147082934,0.9695435693017616,0.9679650202032168,0.7234719231498117,0.5035437204570122,0.7060332156007005,0.4883404379543038
musa-acuminata-freshunripe-6988b07a-1d0a-11ec-b432-d8c4975e38aa-Copy_jpg.rf.3f5cb50e11c15b0d784be976798a6777.jpg,unripe,761.2113357275256,1271.2392219480332,810.552594995366,1218.3810422412541,0.9882937388778714,0.9804502933911353,0.987534946098555,0.9812631710048095,2.98514249304912,4.9852518507766,3.178637627432808,4.77796487153433,0.1548428867090853,0.16568322871950228,0.15713031540388522,0.16377939802329738,0.9451281864342037,0.9420447715038212,0.9443932594819285,0.9428265383935516,0.9721770345128523,0.970589909026372,0.9717989810047799,0.9709925532122023,0.7296584580565952,0.4959704659208571,0.7120982762662813,0.5169280349054368
musa-acuminata-freshunripe-69dd7f0f-1d0a-11ec-9842-d8c4975e38aa_jpg.rf.201c3406906e223cc99480da5cbddaef.jpg,unripe,743.5087465245598,1237.6365219915808,800.0063716404078,1208.1869647263752,0.9885659775086186,0.9809670513026855,0.9876971308147446,0.9814199402588752,2.9157205746061168,4.853476556829729,3.1372798887859132,4.737988096966178,0.1478462911500779,0.1575618512750443,0.15045661893525586,0.15652424442064278,0.9482495652612947,0.9454180179362013,0.9474013295598805,0.9458538788171624,0.9737810663908467,0.9723260862160396,0.9733454317763456,0.9725501934692946,0.7173040089638802,0.4699886168672212,0.6958225506784607,0.48260023611199143
musa-acuminata-freshunripe-69ea7cc6-1d0a-11ec-8574-d8c4975e38aa_jpg.rf.e75ade8ab1770ab463ef2ab4310e78c9.jpg,unripe,605.6545412418907,1199.8806793438819,800.0063716404078,1131.920162578023,0.9906859634416713,0.9815476781695955,0.9876971308147448,0.9825928065300339,2.375115848007414,4.7054144287995365,3.1372798887859132,4.438902598345189,0.13386935269318068,0.14787490767125402,0.14301157475173998,0.14551262071113397,0.9536746880585721,0.9493505616770557,0.9507504207676933,0.9503582271610497,0.9765626902859704,0.9743462226934816,0.9750643162210857,0.974863183816606,0.7489296351451974,0.43287894783384107,0.6683622792589549,0.46500034160033216
musa-acuminata-freshunripe-6a53fe0e-1d0a-11ec-a2c3-d8c4975e38aa_jpg.rf.7d75c67ce21c3b8e7bb418e6f1216409.jpg,unripe,815.072405004634,1418.864566700537,936.3539735866543,1368.2717375526202,0.987465438363045,0.9781800423415167,0.9856003141268622,0.9789580823431763,3.196362372567192,5.564174771374655,3.6719763670064878,5.365771519814197,0.16606133521395428,0.18061317424729376,0.1715906602394205,0.1788433044731994,0.9402160428446515,0.9357343011270879,0.938401127188228,0.9364790038147367,0.9696473806722996,0.9673336038446549,0.9687110648631139,0.9677184527613063,0.7355889751343694,0.49162360265515337,0.6962450056303339,0.5097509143220532
musa-acuminata-freshunripe-6a5ef92d-1d0a-11ec-bdff-d8c4975e38aa_jpg.rf.df97ba48f345ed47e95d23db622105c1.jpg,unripe,624.4870829471732,1164.3901872550443,857.2572984244671,1231.595587167949,0.9903963478770466,0.982093467424491,0.9868166994982858,0.9810599516013909,2.448968952734013,4.566236028451154,3.361793327154773,4.829786616344897,0.1411985266631266,0.1539493621105339,0.15206665518453327,0.15633742658349198,0.9504524826958078,0.9469168863011398,0.9469765739546194,0.9459214372796712,0.9749115255733762,0.9730965452107718,0.9731272136543194,0.97258492548449,0.7601205990067471,0.4955396687706737,0.6705254909288636,0.4664236055544545
musa-acuminata-freshunripe-6b1c99c9-1d0a-11ec-8170-d8c4975e38aa_jpg.rf.b1003afc75973a05646da49d45459541.jpg,unripe,526.5578660797034,1207.4318478734212,817.3323100092679,1187.0436928436636,0.9919023488130947,0.9814315527962135,0.9874306844952901,0.981745091304345,2.0649328081557,4.735026854405574,3.205224745134384,4.655073305269269,0.12454950466265555,0.14187056840242218,0.13827648457767894,0.14120450738263035,0.957280740333187,0.9516672385270436,0.9529014258269981,0.9519692359618033,0.9784072466683733,0.9755343348786057,0.9761666998146362,0.9756891082521129,0.7665476346566638,0.3832794269348243,0.6376311639520461,0.3936930951479323
musa-acuminata-freshunripe-6becefec-1d0a-11ec-9ba7-d8c4975e38aa_jpg.rf.9e18a1e9d16fb0a153d725dd45ca3538.jpg,unripe,571.0026645041705,1121.3485266366672,717.8964898053755,1137.9610974016548,0.9912188560805806,0.9827553820527686,0.9889598546765084,0.9824999062313282,2.2392261353104725,4.397445202496734,2.815280352177943,4.462592538830019,0.12851930973357434,0.14098030391792532,0.13559024259909241,0.14155588040136802,0.9558379676786208,0.9521672200076359,0.9536237092314865,0.9519206169640936,0.977669661838098,0.9757905615487557,0.9765365887827688,0.9756641927241635,0.7523460830122048,0.44164723255599053,0.6886356426261628,0.4333753397049682
musa-acuminata-freshunripe-6c6f8745-1d0a-11ec-87b8-d8c4975e38aa_jpg.rf.9912f701deb22e4afd73fb756689f6d6.jpg,unripe,372.88432576459684,987.6928436638118,699.0639481000927,1028.469153723327,0.9942656118204319,0.9848108011616306,0.9892494702411329,0.9841837241453675,1.4622914735866543,3.87330526926985,2.741427247451344,4.033212367542459,0.10759947854155431,0.12411230497652864,0.12397534571202376,0.12552274971018873,0.9635086325823004,0.9588582851382376,0.9585751070869346,0.9582506418969183,0.9815847556794576,0.9792130948563942,0.9790684894770818,0.9789027744862706,0.8137538739162842,0.41987428179697356,0.6508355454430541,0.39592413746749083
musa-acuminata-freshunripe-6ce23886-1d0a-11ec-ad59-d8c4975e38aa_jpg.rf.a443f162624f61083f055f9ec1116eaf.jpg,unripe,518.2715477293791,1205.1664973145594,867.0502201112142,1244.4325736681665,0.9920297796615296,0.981466390408228,0.986666099404681,0.9808625384666415,2.0324374420759965,4.726143126723762,3.4001969416126046,4.880127739875163,0.12298090828967514,0.14043211426549349,0.1392039491140301,0.14167639350264272,0.9579203513812862,0.9522187783086553,0.9526708606454765,0.9516376655297183,0.9787340554927504,0.9758169799243377,0.9760485954323568,0.9755191774279572,0.766763758629213,0.373660922740811,0.6098039043346283,0.35325388513587497
musa-acuminata-freshunripe-6d3c52a0-1d0a-11ec-be7c-d8c4975e38aa_jpg.rf.ae9cd20f4dc00e869744d494aa41095c.jpg,unripe,553.6767261353104,1320.699375816519,934.8473702502317,1301.8214544926695,0.9914853024000352,0.9796896721954831,0.9856234833720323,0.9799799856289382,2.171281278962002,5.179213238496153,3.6660681186283597,5.105182174481057,0.13568281933883852,0.15712032053402608,0.1534737632068581,0.15649952730387534,0.952411058068089,0.9455007869157446,0.9466833371752498,0.9457793960136096,0.9759154974013319,0.9723686476412866,0.9729765347505817,0.9725119001912571,0.7824887696060843,0.4130058563330903,0.6327463443280958,0.42139628148556185
musa-acuminata-freshunripe-6e54a4a9-1d0a-11ec-bd49-d8c4975e38aa_jpg.rf.6568e713769e47a58602159fad3ab573.jpg,unripe,515.2583410565338,1051.8777761649008,742.0021431881372,1089.6336188125997,0.9920761181518695,0.9838237354878833,0.9885891467537888,0.9832431086209731,2.0206209453197403,4.125010886921179,2.909812326227989,4.273073014951372,0.12187925544138449,0.13413899061309786,0.1327880785410176,0.13545997421831268,0.95839096351185,0.9549224574716834,0.9549713602306139,0.9543609441387527,0.9789744447695506,0.9772013392703078,0.9772263607939636,0.976913990143837,0.7651995568023762,0.4453014163629107,0.6618736307753519,0.4253912015877101
musa-acuminata-freshunripe-6e5b180c-1d0a-11ec-ad2e-d8c4975e38aa_jpg.rf.3d39599dd585fe9afcb266846c12bd18.jpg,unripe,745.7686515291937,1261.0451444331543,828.6318350324374,1338.8221802874148,0.9885312236408637,0.9806070626452011,0.9872569151565153,0.9794109712993662,2.9245829471733087,4.945275076208448,3.249536607970343,5.250283059950646,0.15617233553440643,0.16762730092994765,0.16005106174465922,0.1703812033647144,0.9443919029114246,0.941220049482998,0.9431484291589971,0.9400717632973151,0.9717982830358493,0.9701649599336176,0.9711582925347428,0.969572979871714,0.7409357069959832,0.5122770657203732,0.7121507855510923,0.48219595061210885
musa-acuminata-freshunripe-6ed2c8c2-1d0a-11ec-a829-d8c4975e38aa_jpg.rf.a7e93c4b507fd0edef702a4bf6526920.jpg,unripe,754.8082715477294,1274.637247786326,837.6714550509731,1356.9449847583103,0.9883922081698439,0.9803980369731133,0.9871178996854955,0.9791322704032492,2.960032437442076,4.998577442299318,3.28498609823911,5.321352881405138,0.15926785607379482,0.17109185022055984,0.16315383252737609,0.17402267864877635,0.9429961198969972,0.9397499288017375,0.9417530004526555,0.9385353695256097,0.9710798730779034,0.9694069985314411,0.9704395913464452,0.9687803515377517,0.7450515392250567,0.5222694977169633,0.7170631852477676,0.4914207863728574
musa-acuminata-freshunripe-6eddc53d-1d0a-11ec-90ff-d8c4975e38aa_jpg.rf.1636ff4d44a6c8cd24190bb62b87b32a.jpg,unripe,571.0026645041705,1207.4318478734212,831.6450417052827,1096.4296704891856,0.9912188560805806,0.9814315527962135,0.9872105766661754,0.9831385957849293,2.2392261353104725,4.735026854405574,3.2613531047265987,4.299724197996806,0.1360003748399508,0.15262559102299872,0.1484121327301815,0.14863766848701193,0.9524161841276849,0.9474438976802403,0.9484943065911613,0.9490904847813728,0.9759181236803038,0.9733672984440356,0.9739067237631955,0.9742127512927414,0.7741420134814144,0.4591447563040832,0.6710458877090786,0.5088669081635578
musa-acuminata-freshunripe-6f356a93-1d0a-11ec-80b0-d8c4975e38aa_jpg.rf.3215f690377958f7e5433662e41a4b1c.jpg,unripe,803.019578313253,1438.4976048773408,896.428985171455,1301.0663376397154,0.9876507923244049,0.9778781163707234,0.9862142991238665,0.9799915981662763,3.1490963855421685,5.641167077950356,3.515407784986098,5.102220931920453,0.16063436774349257,0.17577234807883468,0.16489432063919676,0.17102813984828044,0.9427033025835072,0.9377691309391244,0.9413043310647238,0.9397936009072043,0.9709290924591286,0.9683848051983903,0.9702083956886396,0.9694295234348933,0.7261762679390454,0.45509130692685007,0.6943243516392721,0.5071508251102165
musa-acuminata-freshunripe-6f937c1e-1d0a-11ec-9f7a-d8c4975e38aa_jpg.rf.fe14250a3e02f7aec9a9c8594f1bdffa.jpg,unripe,825.6186283595923,1328.2505443460589,926.5610518999074,1484.559732907534,0.9873032536468552,0.9795735468221011,0.9857509142204671,0.977169751593093,3.237720111214087,5.208825664102192,3.6335727525486563,5.821802874147192,0.16409435084852303,0.17468067199007653,0.1686681014117828,0.18004888788064963,0.9412270268784555,0.9382466406934201,0.9397164939432644,0.9359467919482447,0.9701685559110105,0.9686313234112451,0.9693897533723288,0.967443430877612,0.7253957943980355,0.5106639697728944,0.6918219225452407,0.45307866092865856
musa-acuminata-freshunripe-6f98b58a-1d0a-11ec-be11-d8c4975e38aa_jpg.rf.2dcb478b10c095f6808c2cdc7f8551f5.jpg,unripe,821.0988183503243,1480.0290317898098,922.7945435588508,1316.9237915517492,0.9873727613823652,0.9772394268171222,0.9858088373333921,0.979747734882174,3.2199953660797034,5.8040354187835685,3.6188021316033367,5.1644070256931345,0.16142679034982463,0.17708907325302853,0.16601555502481236,0.17153965370627539,0.9424543120394533,0.9371813612369472,0.9409323071721192,0.9395818151088826,0.9708008611653851,0.9680812782183876,0.9700166530385543,0.9693202851013089,0.7198741109691167,0.4390514263419606,0.6851796201258421,0.5008702487450916
musa-acuminata-freshunripe-704f6f47-1d0a-11ec-ba2c-d8c4975e38aa_jpg.rf.ad4856d2bf3848d56e04a0ebb220f5a5.jpg,unripe,830.1384383688601,1445.2936565539264,949.1601019462465,1429.4362026418928,0.9872337459113454,0.9777736035346797,0.9854033755429175,0.9780174668187818,3.2554448563484706,5.66781826099579,3.7221964782205745,5.605632167223109,0.17085072438265803,0.18611532235577738,0.17629388775058724,0.18556097064028504,0.938030430877284,0.9333715436582767,0.9362501181026952,0.9336046294263128,0.9685197111454593,0.9661115585988383,0.9676001850468484,0.9662321819450607,0.7413923690894264,0.5049255156757138,0.7043143240042444,0.5103573673846008
musa-acuminata-freshunripe-7119959c-1d0a-11ec-92d5-d8c4975e38aa_jpg.rf.49eabef3140819e1237d21d2550aeac6.jpg,unripe,696.8040430954588,1296.5356365219916,798.4997683039852,1230.085353462041,0.9892842241088878,0.9800612733903056,0.9877203000599147,0.9810831766760675,2.7325648748841522,5.08445347655683,3.131371640407785,4.82386413122369,0.14678147159751448,0.16090921497215877,0.15155466019315517,0.1586032748175208,0.9484189631780491,0.9440106619532537,0.9468909793617687,0.9449928731191314,0.9738680419738852,0.9716021109246592,0.9730832335220706,0.9721074390822917,0.7385075734857836,0.45294379829625814,0.7003438139404653,0.48098162342725964
musa-acuminata-freshunripe-711ace0a-1d0a-11ec-a21b-d8c4975e38aa-Copy_jpg.rf.6d3a65e9c1bcdd0e3a0711beb961fce7.jpg,unripe,694.544138090825,1292.7600522572218,795.48656163114,1228.5751197561328,0.9893189779766429,0.9801193360769966,0.9877666385502548,0.9811064017507438,2.7237025023169603,5.069647263753811,3.1195551436515294,4.817941646102482,0.14662455881962536,0.16072556531186277,0.15136833607410333,0.15849567060318873,0.9484751740216374,0.944088776608848,0.9469583827172596,0.9450375835419885,0.9738969011253898,0.9716423089845605,0.9731178668163788,0.9721304354570885,0.7392143814498253,0.4542019735177226,0.7013127839598868,0.481300590486761
musa-acuminata-freshunripe-7120e889-1d0a-11ec-9032-d8c4975e38aa-Copy_jpg.rf.168dfbbcdd0b894b00685f866ac69edd.jpg,unripe,685.5045180722892,1210.4523152852373,787.2002432808156,1282.1884163158659,0.9894579934476627,0.9813851026468606,0.9878940693986895,0.9802819115997314,2.688253012048193,4.7468718246479895,3.087059777571826,5.028189867905357,0.144000607558165,0.15537678776170533,0.14877451838044736,0.1578553680879023,0.949621913010279,0.9463239295296605,0.9480933856531851,0.9452630114242769,0.9744854606459139,0.9727918222978956,0.9737008707263156,0.9722463738293278,0.736096478025286,0.4742574330016744,0.6969459555345315,0.44309988848212295
musa-acuminata-freshunripe-71d6e2c3-1d0a-11ec-988f-d8c4975e38aa-Copy_jpg.rf.d3006ed2b4507edc686e7ab0d7608ece.jpg,unripe,812.0591983317887,1417.3543329946292,1001.1379170528267,1462.6613441718682,0.987511776853385,0.9782032674161931,0.9846040365845535,0.977506515175901,3.184545875810936,5.558252286253447,3.926031047265987,5.735926839889679,0.16476382763029424,0.17925860630396198,0.17319443151403957,0.18079999895391097,0.9408124869550205,0.936311837007466,0.938007841992122,0.9356459343093912,0.9699548891340363,0.9676320772935683,0.9685080495236588,0.9672879273046838,0.7334670868760699,0.4855081645579758,0.6712531778557433,0.46906196843303105
musa-acuminata-freshunripe-724a36b5-1d0a-11ec-93a5-d8c4975e38aa-Copy_jpg.rf.57c26dfc433564af40c555ad5ec997ed.jpg,unripe,764.6011932344763,1352.4142836405863,922.0412418906395,1366.761503846712,0.9882416080762391,0.9792019456272785,0.985820421955977,0.9789813074178527,2.9984360518999074,5.303585426041515,3.6158480074142725,5.359849034692989,0.15662082562830767,0.17034516052565657,0.16378529274668177,0.1708369344860824,0.9443191752045969,0.9400830965258968,0.9419607544341121,0.9398716815792957,0.9717608631780748,0.9695788242973837,0.9705466266151833,0.9694697940520353,0.7331267583825418,0.4741391929554358,0.6781745342465333,0.4685605467612165
musa-acuminata-freshunripe-724bb5ca-1d0a-11ec-b1cd-d8c4975e38aa-Copy_jpg.rf.9f14208b3abecacf108fcac03dddd0d8.jpg,unripe,766.107796570899,1353.9245173464944,922.7945435588508,1366.7615038467122,0.9882184388310693,0.9791787205526021,0.9858088373333921,0.9789813074178528,3.0043443002780355,5.309507911162723,3.6188021316033367,5.3598490346929895,0.1567155884014877,0.17042378639075662,0.16384227367873636,0.1708636837958652,0.944285488491,0.9400496938439943,0.9419384357759693,0.9398605376873744,0.9717435302028,0.9695615987878203,0.9705351285636029,0.9694640466192516,0.7326680203842575,0.47370025690360834,0.6779924532652069,0.4687102426076581
